source,sex,age_days,L,M,S
WHO,male,0,-0.3053,13.4069,0.0956
WHO,male,1,-0.1867,13.3976,0.09597
WHO,male,2,-0.0681,13.3883,0.09634
WHO,male,3,0.0505,13.3791,0.09672
WHO,male,4,0.169,13.3698,0.09709
WHO,male,5,0.2876,13.3606,0.09746
WHO,male,6,0.4062,13.3513,0.09784
WHO,male,7,0.5247,13.3421,0.09821
WHO,male,8,0.5094,13.3843,0.09769
WHO,male,9,0.4941,13.4265,0.09716
WHO,male,10,0.4789,13.4687,0.09664
WHO,male,11,0.4636,13.511,0.09611
WHO,male,12,0.4483,13.5532,0.09559
WHO,male,13,0.433,13.5954,0.09507
WHO,male,14,0.4177,13.6377,0.09454
WHO,male,15,0.4059,13.7174,0.09416
WHO,male,16,0.3946,13.8006,0.0938
WHO,male,17,0.3839,13.8854,0.09347
WHO,male,18,0.3735,13.9707,0.09315
WHO,male,19,0.3636,14.0558,0.09285
WHO,male,20,0.3541,14.1404,0.09257
WHO,male,21,0.3449,14.2241,0.0923
WHO,male,22,0.336,14.3065,0.09204
WHO,male,23,0.3274,14.3877,0.0918
WHO,male,24,0.3191,14.4675,0.09156
WHO,male,25,0.311,14.5457,0.09134
WHO,male,26,0.3032,14.6225,0.09112
WHO,male,27,0.2955,14.6977,0.09092
WHO,male,28,0.2881,14.7714,0.09072
WHO,male,29,0.2809,14.8436,0.09053
WHO,male,30,0.2738,14.914,0.09035
WHO,male,31,0.2669,14.9822,0.09017
WHO,male,32,0.2602,15.0485,0.09
WHO,male,33,0.2536,15.1127,0.08984
WHO,male,34,0.2472,15.175,0.08968
WHO,male,35,0.2409,15.2355,0.08953
WHO,male,36,0.2348,15.2942,0.08938
WHO,male,37,0.2287,15.3511,0.08924
WHO,male,38,0.2228,15.4062,0.0891
WHO,male,39,0.217,15.4597,0.08897
WHO,male,40,0.2113,15.5115,0.08884
WHO,male,41,0.2058,15.5618,0.08871
WHO,male,42,0.2003,15.6107,0.08859
WHO,male,43,0.1949,15.6582,0.08847
WHO,male,44,0.1896,15.7043,0.08835
WHO,male,45,0.1844,15.7492,0.08824
WHO,male,46,0.1793,15.7929,0.08813
WHO,male,47,0.1743,15.8353,0.08802
WHO,male,48,0.1693,15.8767,0.08792
WHO,male,49,0.1645,15.9169,0.08782
WHO,male,50,0.1597,15.956,0.08772
WHO,male,51,0.155,15.9941,0.08762
WHO,male,52,0.1503,16.0311,0.08753
WHO,male,53,0.1457,16.0672,0.08743
WHO,male,54,0.1412,16.1023,0.08734
WHO,male,55,0.1368,16.1365,0.08725
WHO,male,56,0.1324,16.1698,0.08717
WHO,male,57,0.128,16.2021,0.08708
WHO,male,58,0.1238,16.2336,0.087
WHO,male,59,0.1196,16.2642,0.08692
WHO,male,60,0.1154,16.2941,0.08684
WHO,male,61,0.1113,16.3231,0.08676
WHO,male,62,0.1072,16.3513,0.08669
WHO,male,63,0.1032,16.3787,0.08661
WHO,male,64,0.0993,16.4053,0.08654
WHO,male,65,0.0954,16.4312,0.08646
WHO,male,66,0.0915,16.4562,0.08639
WHO,male,67,0.0877,16.4806,0.08632
WHO,male,68,0.084,16.5042,0.08626
WHO,male,69,0.0803,16.5271,0.08619
WHO,male,70,0.0766,16.5494,0.08612
WHO,male,71,0.0729,16.571,0.08606
WHO,male,72,0.0693,16.592,0.08599
WHO,male,73,0.0658,16.6124,0.08593
WHO,male,74,0.0623,16.6321,0.08587
WHO,male,75,0.0588,16.6514,0.08581
WHO,male,76,0.0554,16.67,0.08575
WHO,male,77,0.052,16.6882,0.08569
WHO,male,78,0.0486,16.7058,0.08564
WHO,male,79,0.0452,16.7229,0.08558
WHO,male,80,0.0419,16.7396,0.08552
WHO,male,81,0.0387,16.7557,0.08547
WHO,male,82,0.0354,16.7715,0.08541
WHO,male,83,0.0322,16.7867,0.08536
WHO,male,84,0.0291,16.8016,0.08531
WHO,male,85,0.0259,16.8161,0.08526
WHO,male,86,0.0228,16.8301,0.08521
WHO,male,87,0.0197,16.8438,0.08516
WHO,male,88,0.0167,16.8571,0.08511
WHO,male,89,0.0137,16.8701,0.08506
WHO,male,90,0.0107,16.8827,0.08501
WHO,male,91,0.0077,16.895,0.08496
WHO,male,92,0.0048,16.9069,0.08492
WHO,male,93,0.0018,16.9186,0.08487
WHO,male,94,-0.0011,16.9299,0.08483
WHO,male,95,-0.0039,16.941,0.08478
WHO,male,96,-0.0068,16.9518,0.08474
WHO,male,97,-0.0096,16.9623,0.0847
WHO,male,98,-0.0124,16.9725,0.08465
WHO,male,99,-0.0151,16.9825,0.08461
WHO,male,100,-0.0179,16.9923,0.08457
WHO,male,101,-0.0206,17.0018,0.08453
WHO,male,102,-0.0233,17.0111,0.08449
WHO,male,103,-0.026,17.0201,0.08445
WHO,male,104,-0.0287,17.029,0.08441
WHO,male,105,-0.0313,17.0376,0.08437
WHO,male,106,-0.0339,17.0461,0.08433
WHO,male,107,-0.0365,17.0544,0.08429
WHO,male,108,-0.0391,17.0624,0.08426
WHO,male,109,-0.0416,17.0704,0.08422
WHO,male,110,-0.0442,17.0781,0.08418
WHO,male,111,-0.0467,17.0857,0.08415
WHO,male,112,-0.0492,17.0931,0.08411
WHO,male,113,-0.0517,17.1003,0.08408
WHO,male,114,-0.0541,17.1074,0.08404
WHO,male,115,-0.0566,17.1144,0.08401
WHO,male,116,-0.059,17.1212,0.08397
WHO,male,117,-0.0614,17.1279,0.08394
WHO,male,118,-0.0638,17.1344,0.08391
WHO,male,119,-0.0662,17.1409,0.08387
WHO,male,120,-0.0686,17.1472,0.08384
WHO,male,121,-0.0709,17.1533,0.08381
WHO,male,122,-0.0732,17.1594,0.08378
WHO,male,123,-0.0756,17.1653,0.08375
WHO,male,124,-0.0779,17.1712,0.08371
WHO,male,125,-0.0801,17.1769,0.08368
WHO,male,126,-0.0824,17.1825,0.08365
WHO,male,127,-0.0847,17.188,0.08362
WHO,male,128,-0.0869,17.1934,0.08359
WHO,male,129,-0.0891,17.1987,0.08356
WHO,male,130,-0.0913,17.2038,0.08354
WHO,male,131,-0.0935,17.2089,0.08351
WHO,male,132,-0.0957,17.2138,0.08348
WHO,male,133,-0.0979,17.2187,0.08345
WHO,male,134,-0.1,17.2234,0.08342
WHO,male,135,-0.1022,17.2281,0.0834
WHO,male,136,-0.1043,17.2326,0.08337
WHO,male,137,-0.1064,17.237,0.08334
WHO,male,138,-0.1085,17.2414,0.08332
WHO,male,139,-0.1106,17.2456,0.08329
WHO,male,140,-0.1127,17.2497,0.08326
WHO,male,141,-0.1147,17.2537,0.08324
WHO,male,142,-0.1168,17.2576,0.08321
WHO,male,143,-0.1188,17.2615,0.08319
WHO,male,144,-0.1208,17.2652,0.08316
WHO,male,145,-0.1229,17.2688,0.08314
WHO,male,146,-0.1249,17.2723,0.08311
WHO,male,147,-0.1269,17.2757,0.08309
WHO,male,148,-0.1288,17.2791,0.08306
WHO,male,149,-0.1308,17.2823,0.08304
WHO,male,150,-0.1328,17.2854,0.08302
WHO,male,151,-0.1347,17.2885,0.08299
WHO,male,152,-0.1366,17.2914,0.08297
WHO,male,153,-0.1386,17.2943,0.08295
WHO,male,154,-0.1405,17.297,0.08292
WHO,male,155,-0.1424,17.2997,0.0829
WHO,male,156,-0.1443,17.3023,0.08288
WHO,male,157,-0.1462,17.3048,0.08285
WHO,male,158,-0.148,17.3072,0.08283
WHO,male,159,-0.1499,17.3095,0.08281
WHO,male,160,-0.1518,17.3117,0.08279
WHO,male,161,-0.1536,17.3139,0.08277
WHO,male,162,-0.1554,17.316,0.08275
WHO,male,163,-0.1573,17.318,0.08272
WHO,male,164,-0.1591,17.3199,0.0827
WHO,male,165,-0.1609,17.3218,0.08268
WHO,male,166,-0.1627,17.3235,0.08266
WHO,male,167,-0.1645,17.3252,0.08264
WHO,male,168,-0.1663,17.3268,0.08262
WHO,male,169,-0.168,17.3284,0.0826
WHO,male,170,-0.1698,17.3299,0.08258
WHO,male,171,-0.1715,17.3313,0.08256
WHO,male,172,-0.1733,17.3326,0.08254
WHO,male,173,-0.175,17.3338,0.08252
WHO,male,174,-0.1768,17.335,0.0825
WHO,male,175,-0.1785,17.3361,0.08248
WHO,male,176,-0.1802,17.3371,0.08246
WHO,male,177,-0.1819,17.3381,0.08244
WHO,male,178,-0.1836,17.339,0.08242
WHO,male,179,-0.1853,17.3398,0.08241
WHO,male,180,-0.187,17.3406,0.08239
WHO,male,181,-0.1886,17.3412,0.08237
WHO,male,182,-0.1903,17.3419,0.08235
WHO,male,183,-0.1919,17.3424,0.08233
WHO,male,184,-0.1936,17.3429,0.08231
WHO,male,185,-0.1952,17.3433,0.0823
WHO,male,186,-0.1969,17.3437,0.08228
WHO,male,187,-0.1985,17.3439,0.08226
WHO,male,188,-0.2001,17.3441,0.08224
WHO,male,189,-0.2017,17.3443,0.08222
WHO,male,190,-0.2033,17.3444,0.08221
WHO,male,191,-0.2049,17.3444,0.08219
WHO,male,192,-0.2065,17.3443,0.08217
WHO,male,193,-0.2081,17.3442,0.08216
WHO,male,194,-0.2097,17.344,0.08214
WHO,male,195,-0.2112,17.3438,0.08212
WHO,male,196,-0.2128,17.3434,0.0821
WHO,male,197,-0.2144,17.3431,0.08209
WHO,male,198,-0.2159,17.3426,0.08207
WHO,male,199,-0.2174,17.3421,0.08205
WHO,male,200,-0.219,17.3416,0.08204
WHO,male,201,-0.2205,17.3409,0.08202
WHO,male,202,-0.222,17.3402,0.08201
WHO,male,203,-0.2235,17.3395,0.08199
WHO,male,204,-0.2251,17.3387,0.08197
WHO,male,205,-0.2266,17.3378,0.08196
WHO,male,206,-0.2281,17.3369,0.08194
WHO,male,207,-0.2295,17.3359,0.08193
WHO,male,208,-0.231,17.3349,0.08191
WHO,male,209,-0.2325,17.3338,0.08189
WHO,male,210,-0.234,17.3326,0.08188
WHO,male,211,-0.2354,17.3314,0.08186
WHO,male,212,-0.2369,17.3302,0.08185
WHO,male,213,-0.2384,17.3289,0.08183
WHO,male,214,-0.2398,17.3275,0.08182
WHO,male,215,-0.2413,17.3261,0.0818
WHO,male,216,-0.2427,17.3246,0.08179
WHO,male,217,-0.2441,17.323,0.08177
WHO,male,218,-0.2456,17.3215,0.08176
WHO,male,219,-0.247,17.3198,0.08174
WHO,male,220,-0.2484,17.3181,0.08173
WHO,male,221,-0.2498,17.3164,0.08171
WHO,male,222,-0.2512,17.3146,0.0817
WHO,male,223,-0.2526,17.3127,0.08168
WHO,male,224,-0.254,17.3108,0.08167
WHO,male,225,-0.2554,17.3089,0.08165
WHO,male,226,-0.2568,17.3069,0.08164
WHO,male,227,-0.2581,17.3048,0.08163
WHO,male,228,-0.2595,17.3027,0.08161
WHO,male,229,-0.2609,17.3006,0.0816
WHO,male,230,-0.2622,17.2984,0.08158
WHO,male,231,-0.2636,17.2962,0.08157
WHO,male,232,-0.265,17.2939,0.08155
WHO,male,233,-0.2663,17.2916,0.08154
WHO,male,234,-0.2676,17.2892,0.08153
WHO,male,235,-0.269,17.2868,0.08151
WHO,male,236,-0.2703,17.2844,0.0815
WHO,male,237,-0.2716,17.2819,0.08149
WHO,male,238,-0.273,17.2794,0.08147
WHO,male,239,-0.2743,17.2768,0.08146
WHO,male,240,-0.2756,17.2742,0.08145
WHO,male,241,-0.2769,17.2715,0.08143
WHO,male,242,-0.2782,17.2688,0.08142
WHO,male,243,-0.2795,17.2661,0.08141
WHO,male,244,-0.2808,17.2633,0.08139
WHO,male,245,-0.2821,17.2605,0.08138
WHO,male,246,-0.2834,17.2577,0.08137
WHO,male,247,-0.2847,17.2548,0.08135
WHO,male,248,-0.2859,17.2519,0.08134
WHO,male,249,-0.2872,17.249,0.08133
WHO,male,250,-0.2885,17.246,0.08131
WHO,male,251,-0.2898,17.243,0.0813
WHO,male,252,-0.291,17.2399,0.08129
WHO,male,253,-0.2923,17.2368,0.08128
WHO,male,254,-0.2935,17.2337,0.08126
WHO,male,255,-0.2948,17.2306,0.08125
WHO,male,256,-0.296,17.2274,0.08124
WHO,male,257,-0.2972,17.2242,0.08122
WHO,male,258,-0.2985,17.221,0.08121
WHO,male,259,-0.2997,17.2177,0.0812
WHO,male,260,-0.3009,17.2144,0.08119
WHO,male,261,-0.3022,17.2111,0.08117
WHO,male,262,-0.3034,17.2078,0.08116
WHO,male,263,-0.3046,17.2044,0.08115
WHO,male,264,-0.3058,17.2011,0.08114
WHO,male,265,-0.307,17.1976,0.08113
WHO,male,266,-0.3082,17.1942,0.08111
WHO,male,267,-0.3094,17.1908,0.0811
WHO,male,268,-0.3106,17.1873,0.08109
WHO,male,269,-0.3118,17.1838,0.08108
WHO,male,270,-0.313,17.1803,0.08107
WHO,male,271,-0.3142,17.1767,0.08105
WHO,male,272,-0.3153,17.1731,0.08104
WHO,male,273,-0.3165,17.1696,0.08103
WHO,male,274,-0.3177,17.1659,0.08102
WHO,male,275,-0.3189,17.1623,0.08101
WHO,male,276,-0.32,17.1587,0.08099
WHO,male,277,-0.3212,17.155,0.08098
WHO,male,278,-0.3223,17.1513,0.08097
WHO,male,279,-0.3235,17.1476,0.08096
WHO,male,280,-0.3246,17.1439,0.08095
WHO,male,281,-0.3258,17.1402,0.08094
WHO,male,282,-0.3269,17.1364,0.08093
WHO,male,283,-0.3281,17.1326,0.08091
WHO,male,284,-0.3292,17.1288,0.0809
WHO,male,285,-0.3303,17.125,0.08089
WHO,male,286,-0.3315,17.1212,0.08088
WHO,male,287,-0.3326,17.1174,0.08087
WHO,male,288,-0.3337,17.1135,0.08086
WHO,male,289,-0.3348,17.1097,0.08085
WHO,male,290,-0.3359,17.1058,0.08084
WHO,male,291,-0.3371,17.1019,0.08082
WHO,male,292,-0.3382,17.098,0.08081
WHO,male,293,-0.3393,17.0941,0.0808
WHO,male,294,-0.3404,17.0901,0.08079
WHO,male,295,-0.3415,17.0862,0.08078
WHO,male,296,-0.3426,17.0823,0.08077
WHO,male,297,-0.3437,17.0783,0.08076
WHO,male,298,-0.3448,17.0743,0.08075
WHO,male,299,-0.3458,17.0703,0.08074
WHO,male,300,-0.3469,17.0663,0.08073
WHO,male,301,-0.348,17.0623,0.08071
WHO,male,302,-0.3491,17.0583,0.0807
WHO,male,303,-0.3502,17.0543,0.08069
WHO,male,304,-0.3512,17.0503,0.08068
WHO,male,305,-0.3523,17.0463,0.08067
WHO,male,306,-0.3534,17.0422,0.08066
WHO,male,307,-0.3544,17.0382,0.08065
WHO,male,308,-0.3555,17.0341,0.08064
WHO,male,309,-0.3565,17.0301,0.08063
WHO,male,310,-0.3576,17.026,0.08062
WHO,male,311,-0.3586,17.0219,0.08061
WHO,male,312,-0.3597,17.0178,0.0806
WHO,male,313,-0.3607,17.0138,0.08059
WHO,male,314,-0.3618,17.0097,0.08058
WHO,male,315,-0.3628,17.0056,0.08057
WHO,male,316,-0.3638,17.0015,0.08056
WHO,male,317,-0.3649,16.9974,0.08055
WHO,male,318,-0.3659,16.9933,0.08054
WHO,male,319,-0.3669,16.9892,0.08053
WHO,male,320,-0.3679,16.985,0.08052
WHO,male,321,-0.369,16.9809,0.08051
WHO,male,322,-0.37,16.9768,0.0805
WHO,male,323,-0.371,16.9727,0.08049
WHO,male,324,-0.372,16.9686,0.08048
WHO,male,325,-0.373,16.9644,0.08047
WHO,male,326,-0.374,16.9603,0.08046
WHO,male,327,-0.375,16.9562,0.08045
WHO,male,328,-0.376,16.9521,0.08044
WHO,male,329,-0.377,16.9479,0.08043
WHO,male,330,-0.378,16.9438,0.08042
WHO,male,331,-0.379,16.9397,0.08041
WHO,male,332,-0.38,16.9355,0.0804
WHO,male,333,-0.381,16.9314,0.08039
WHO,male,334,-0.382,16.9273,0.08038
WHO,male,335,-0.383,16.9231,0.08037
WHO,male,336,-0.3839,16.919,0.08036
WHO,male,337,-0.3849,16.9148,0.08035
WHO,male,338,-0.3859,16.9107,0.08034
WHO,male,339,-0.3869,16.9066,0.08033
WHO,male,340,-0.3878,16.9024,0.08032
WHO,male,341,-0.3888,16.8983,0.08031
WHO,male,342,-0.3898,16.8942,0.0803
WHO,male,343,-0.3907,16.89,0.08029
WHO,male,344,-0.3917,16.8859,0.08028
WHO,male,345,-0.3926,16.8817,0.08027
WHO,male,346,-0.3936,16.8776,0.08026
WHO,male,347,-0.3945,16.8735,0.08025
WHO,male,348,-0.3955,16.8693,0.08024
WHO,male,349,-0.3964,16.8652,0.08023
WHO,male,350,-0.3974,16.861,0.08022
WHO,male,351,-0.3983,16.8569,0.08022
WHO,male,352,-0.3993,16.8528,0.08021
WHO,male,353,-0.4002,16.8486,0.0802
WHO,male,354,-0.4011,16.8445,0.08019
WHO,male,355,-0.4021,16.8404,0.08018
WHO,male,356,-0.403,16.8363,0.08017
WHO,male,357,-0.4039,16.8321,0.08016
WHO,male,358,-0.4049,16.828,0.08015
WHO,male,359,-0.4058,16.8239,0.08014
WHO,male,360,-0.4067,16.8198,0.08013
WHO,male,361,-0.4076,16.8156,0.08012
WHO,male,362,-0.4085,16.8115,0.08011
WHO,male,363,-0.4095,16.8074,0.08011
WHO,male,364,-0.4104,16.8033,0.0801
WHO,male,365,-0.4113,16.7992,0.08009
WHO,male,366,-0.4122,16.7951,0.08008
WHO,male,367,-0.4131,16.7909,0.08007
WHO,male,368,-0.414,16.7868,0.08006
WHO,male,369,-0.4149,16.7827,0.08005
WHO,male,370,-0.4158,16.7786,0.08004
WHO,male,371,-0.4167,16.7745,0.08003
WHO,male,372,-0.4176,16.7704,0.08003
WHO,male,373,-0.4185,16.7663,0.08002
WHO,male,374,-0.4194,16.7622,0.08001
WHO,male,375,-0.4203,16.7582,0.08
WHO,male,376,-0.4211,16.7541,0.07999
WHO,male,377,-0.422,16.75,0.07998
WHO,male,378,-0.4229,16.7459,0.07997
WHO,male,379,-0.4238,16.7418,0.07996
WHO,male,380,-0.4247,16.7377,0.07996
WHO,male,381,-0.4255,16.7337,0.07995
WHO,male,382,-0.4264,16.7296,0.07994
WHO,male,383,-0.4273,16.7255,0.07993
WHO,male,384,-0.4282,16.7215,0.07992
WHO,male,385,-0.429,16.7174,0.07991
WHO,male,386,-0.4299,16.7134,0.0799
WHO,male,387,-0.4308,16.7093,0.0799
WHO,male,388,-0.4316,16.7053,0.07989
WHO,male,389,-0.4325,16.7012,0.07988
WHO,male,390,-0.4333,16.6972,0.07987
WHO,male,391,-0.4342,16.6932,0.07986
WHO,male,392,-0.435,16.6891,0.07985
WHO,male,393,-0.4359,16.6851,0.07984
WHO,male,394,-0.4367,16.6811,0.07984
WHO,male,395,-0.4376,16.6771,0.07983
WHO,male,396,-0.4384,16.6731,0.07982
WHO,male,397,-0.4393,16.6691,0.07981
WHO,male,398,-0.4401,16.6651,0.0798
WHO,male,399,-0.441,16.6611,0.0798
WHO,male,400,-0.4418,16.6571,0.07979
WHO,male,401,-0.4426,16.6531,0.07978
WHO,male,402,-0.4435,16.6491,0.07977
WHO,male,403,-0.4443,16.6451,0.07976
WHO,male,404,-0.4451,16.6412,0.07975
WHO,male,405,-0.446,16.6372,0.07975
WHO,male,406,-0.4468,16.6332,0.07974
WHO,male,407,-0.4476,16.6293,0.07973
WHO,male,408,-0.4484,16.6253,0.07972
WHO,male,409,-0.4493,16.6214,0.07971
WHO,male,410,-0.4501,16.6175,0.07971
WHO,male,411,-0.4509,16.6135,0.0797
WHO,male,412,-0.4517,16.6096,0.07969
WHO,male,413,-0.4525,16.6057,0.07968
WHO,male,414,-0.4533,16.6018,0.07967
WHO,male,415,-0.4541,16.5979,0.07966
WHO,male,416,-0.455,16.594,0.07966
WHO,male,417,-0.4558,16.5901,0.07965
WHO,male,418,-0.4566,16.5862,0.07964
WHO,male,419,-0.4574,16.5823,0.07963
WHO,male,420,-0.4582,16.5784,0.07963
WHO,male,421,-0.459,16.5745,0.07962
WHO,male,422,-0.4598,16.5707,0.07961
WHO,male,423,-0.4606,16.5668,0.0796
WHO,male,424,-0.4614,16.5629,0.07959
WHO,male,425,-0.4621,16.5591,0.07959
WHO,male,426,-0.4629,16.5553,0.07958
WHO,male,427,-0.4637,16.5514,0.07957
WHO,male,428,-0.4645,16.5476,0.07956
WHO,male,429,-0.4653,16.5438,0.07955
WHO,male,430,-0.4661,16.5399,0.07955
WHO,male,431,-0.4669,16.5361,0.07954
WHO,male,432,-0.4677,16.5323,0.07953
WHO,male,433,-0.4684,16.5285,0.07952
WHO,male,434,-0.4692,16.5247,0.07952
WHO,male,435,-0.47,16.5209,0.07951
WHO,male,436,-0.4708,16.5172,0.0795
WHO,male,437,-0.4715,16.5134,0.07949
WHO,male,438,-0.4723,16.5096,0.07949
WHO,male,439,-0.4731,16.5059,0.07948
WHO,male,440,-0.4738,16.5021,0.07947
WHO,male,441,-0.4746,16.4984,0.07946
WHO,male,442,-0.4754,16.4946,0.07946
WHO,male,443,-0.4761,16.4909,0.07945
WHO,male,444,-0.4769,16.4871,0.07944
WHO,male,445,-0.4777,16.4834,0.07943
WHO,male,446,-0.4784,16.4797,0.07943
WHO,male,447,-0.4792,16.476,0.07942
WHO,male,448,-0.4799,16.4723,0.07941
WHO,male,449,-0.4807,16.4686,0.0794
WHO,male,450,-0.4814,16.4649,0.0794
WHO,male,451,-0.4822,16.4612,0.07939
WHO,male,452,-0.4829,16.4576,0.07938
WHO,male,453,-0.4837,16.4539,0.07937
WHO,male,454,-0.4844,16.4502,0.07937
WHO,male,455,-0.4852,16.4466,0.07936
WHO,male,456,-0.4859,16.4429,0.07935
WHO,male,457,-0.4867,16.4393,0.07934
WHO,male,458,-0.4874,16.4357,0.07934
WHO,male,459,-0.4881,16.432,0.07933
WHO,male,460,-0.4889,16.4284,0.07932
WHO,male,461,-0.4896,16.4248,0.07931
WHO,male,462,-0.4903,16.4212,0.07931
WHO,male,463,-0.4911,16.4176,0.0793
WHO,male,464,-0.4918,16.414,0.07929
WHO,male,465,-0.4925,16.4104,0.07929
WHO,male,466,-0.4933,16.4069,0.07928
WHO,male,467,-0.494,16.4033,0.07927
WHO,male,468,-0.4947,16.3997,0.07926
WHO,male,469,-0.4954,16.3962,0.07926
WHO,male,470,-0.4962,16.3926,0.07925
WHO,male,471,-0.4969,16.3891,0.07924
WHO,male,472,-0.4976,16.3856,0.07924
WHO,male,473,-0.4983,16.3821,0.07923
WHO,male,474,-0.499,16.3785,0.07922
WHO,male,475,-0.4997,16.375,0.07921
WHO,male,476,-0.5005,16.3715,0.07921
WHO,male,477,-0.5012,16.368,0.0792
WHO,male,478,-0.5019,16.3646,0.07919
WHO,male,479,-0.5026,16.3611,0.07919
WHO,male,480,-0.5033,16.3576,0.07918
WHO,male,481,-0.504,16.3541,0.07917
WHO,male,482,-0.5047,16.3507,0.07916
WHO,male,483,-0.5054,16.3472,0.07916
WHO,male,484,-0.5061,16.3438,0.07915
WHO,male,485,-0.5068,16.3404,0.07914
WHO,male,486,-0.5075,16.3369,0.07914
WHO,male,487,-0.5082,16.3335,0.07913
WHO,male,488,-0.5089,16.3301,0.07912
WHO,male,489,-0.5096,16.3267,0.07912
WHO,male,490,-0.5103,16.3233,0.07911
WHO,male,491,-0.511,16.3199,0.0791
WHO,male,492,-0.5117,16.3165,0.07909
WHO,male,493,-0.5124,16.3131,0.07909
WHO,male,494,-0.5131,16.3098,0.07908
WHO,male,495,-0.5138,16.3064,0.07907
WHO,male,496,-0.5144,16.3031,0.07907
WHO,male,497,-0.5151,16.2997,0.07906
WHO,male,498,-0.5158,16.2964,0.07905
WHO,male,499,-0.5165,16.293,0.07905
WHO,male,500,-0.5172,16.2897,0.07904
WHO,male,501,-0.5179,16.2864,0.07903
WHO,male,502,-0.5185,16.2831,0.07903
WHO,male,503,-0.5192,16.2798,0.07902
WHO,male,504,-0.5199,16.2765,0.07901
WHO,male,505,-0.5206,16.2732,0.07901
WHO,male,506,-0.5212,16.2699,0.079
WHO,male,507,-0.5219,16.2666,0.07899
WHO,male,508,-0.5226,16.2634,0.07899
WHO,male,509,-0.5233,16.2601,0.07898
WHO,male,510,-0.5239,16.2568,0.07897
WHO,male,511,-0.5246,16.2536,0.07897
WHO,male,512,-0.5253,16.2504,0.07896
WHO,male,513,-0.5259,16.2471,0.07895
WHO,male,514,-0.5266,16.2439,0.07895
WHO,male,515,-0.5273,16.2407,0.07894
WHO,male,516,-0.5279,16.2375,0.07893
WHO,male,517,-0.5286,16.2343,0.07893
WHO,male,518,-0.5292,16.2311,0.07892
WHO,male,519,-0.5299,16.2279,0.07891
WHO,male,520,-0.5306,16.2247,0.07891
WHO,male,521,-0.5312,16.2215,0.0789
WHO,male,522,-0.5319,16.2184,0.07889
WHO,male,523,-0.5325,16.2152,0.07889
WHO,male,524,-0.5332,16.2121,0.07888
WHO,male,525,-0.5338,16.2089,0.07887
WHO,male,526,-0.5345,16.2058,0.07887
WHO,male,527,-0.5351,16.2027,0.07886
WHO,male,528,-0.5358,16.1996,0.07885
WHO,male,529,-0.5364,16.1964,0.07885
WHO,male,530,-0.5371,16.1933,0.07884
WHO,male,531,-0.5377,16.1902,0.07883
WHO,male,532,-0.5383,16.1872,0.07883
WHO,male,533,-0.539,16.1841,0.07882
WHO,male,534,-0.5396,16.181,0.07881
WHO,male,535,-0.5403,16.1779,0.07881
WHO,male,536,-0.5409,16.1749,0.0788
WHO,male,537,-0.5415,16.1718,0.0788
WHO,male,538,-0.5422,16.1688,0.07879
WHO,male,539,-0.5428,16.1658,0.07878
WHO,male,540,-0.5434,16.1627,0.07878
WHO,male,541,-0.5441,16.1597,0.07877
WHO,male,542,-0.5447,16.1567,0.07876
WHO,male,543,-0.5453,16.1537,0.07876
WHO,male,544,-0.546,16.1507,0.07875
WHO,male,545,-0.5466,16.1477,0.07874
WHO,male,546,-0.5472,16.1447,0.07874
WHO,male,547,-0.5479,16.1418,0.07873
WHO,male,548,-0.5485,16.1388,0.07873
WHO,male,549,-0.5491,16.1359,0.07872
WHO,male,550,-0.5497,16.1329,0.07871
WHO,male,551,-0.5503,16.13,0.07871
WHO,male,552,-0.551,16.127,0.0787
WHO,male,553,-0.5516,16.1241,0.07869
WHO,male,554,-0.5522,16.1212,0.07869
WHO,male,555,-0.5528,16.1183,0.07868
WHO,male,556,-0.5534,16.1154,0.07867
WHO,male,557,-0.5541,16.1125,0.07867
WHO,male,558,-0.5547,16.1096,0.07866
WHO,male,559,-0.5553,16.1067,0.07866
WHO,male,560,-0.5559,16.1039,0.07865
WHO,male,561,-0.5565,16.101,0.07864
WHO,male,562,-0.5571,16.0981,0.07864
WHO,male,563,-0.5577,16.0953,0.07863
WHO,male,564,-0.5583,16.0925,0.07863
WHO,male,565,-0.5589,16.0896,0.07862
WHO,male,566,-0.5595,16.0868,0.07861
WHO,male,567,-0.5602,16.084,0.07861
WHO,male,568,-0.5608,16.0812,0.0786
WHO,male,569,-0.5614,16.0784,0.07859
WHO,male,570,-0.562,16.0756,0.07859
WHO,male,571,-0.5626,16.0728,0.07858
WHO,male,572,-0.5632,16.0701,0.07858
WHO,male,573,-0.5638,16.0673,0.07857
WHO,male,574,-0.5644,16.0646,0.07856
WHO,male,575,-0.565,16.0618,0.07856
WHO,male,576,-0.5656,16.0591,0.07855
WHO,male,577,-0.5662,16.0564,0.07855
WHO,male,578,-0.5667,16.0536,0.07854
WHO,male,579,-0.5673,16.0509,0.07853
WHO,male,580,-0.5679,16.0482,0.07853
WHO,male,581,-0.5685,16.0455,0.07852
WHO,male,582,-0.5691,16.0429,0.07852
WHO,male,583,-0.5697,16.0402,0.07851
WHO,male,584,-0.5703,16.0375,0.0785
WHO,male,585,-0.5709,16.0349,0.0785
WHO,male,586,-0.5715,16.0322,0.07849
WHO,male,587,-0.5721,16.0296,0.07849
WHO,male,588,-0.5726,16.0269,0.07848
WHO,male,589,-0.5732,16.0243,0.07847
WHO,male,590,-0.5738,16.0217,0.07847
WHO,male,591,-0.5744,16.0191,0.07846
WHO,male,592,-0.575,16.0165,0.07846
WHO,male,593,-0.5755,16.0139,0.07845
WHO,male,594,-0.5761,16.0113,0.07844
WHO,male,595,-0.5767,16.0088,0.07844
WHO,male,596,-0.5773,16.0062,0.07843
WHO,male,597,-0.5779,16.0036,0.07843
WHO,male,598,-0.5784,16.0011,0.07842
WHO,male,599,-0.579,15.9986,0.07841
WHO,male,600,-0.5796,15.996,0.07841
WHO,male,601,-0.5802,15.9935,0.0784
WHO,male,602,-0.5807,15.991,0.0784
WHO,male,603,-0.5813,15.9885,0.07839
WHO,male,604,-0.5819,15.986,0.07838
WHO,male,605,-0.5824,15.9835,0.07838
WHO,male,606,-0.583,15.9811,0.07837
WHO,male,607,-0.5836,15.9786,0.07837
WHO,male,608,-0.5841,15.9761,0.07836
WHO,male,609,-0.5847,15.9737,0.07836
WHO,male,610,-0.5853,15.9713,0.07835
WHO,male,611,-0.5858,15.9688,0.07834
WHO,male,612,-0.5864,15.9664,0.07834
WHO,male,613,-0.587,15.964,0.07833
WHO,male,614,-0.5875,15.9616,0.07833
WHO,male,615,-0.5881,15.9592,0.07832
WHO,male,616,-0.5886,15.9568,0.07832
WHO,male,617,-0.5892,15.9544,0.07831
WHO,male,618,-0.5898,15.9521,0.0783
WHO,male,619,-0.5903,15.9497,0.0783
WHO,male,620,-0.5909,15.9473,0.07829
WHO,male,621,-0.5914,15.945,0.07829
WHO,male,622,-0.592,15.9427,0.07828
WHO,male,623,-0.5925,15.9403,0.07827
WHO,male,624,-0.5931,15.938,0.07827
WHO,male,625,-0.5936,15.9357,0.07826
WHO,male,626,-0.5942,15.9334,0.07826
WHO,male,627,-0.5947,15.9311,0.07825
WHO,male,628,-0.5953,15.9288,0.07825
WHO,male,629,-0.5958,15.9266,0.07824
WHO,male,630,-0.5964,15.9243,0.07824
WHO,male,631,-0.5969,15.922,0.07823
WHO,male,632,-0.5975,15.9198,0.07822
WHO,male,633,-0.598,15.9176,0.07822
WHO,male,634,-0.5986,15.9153,0.07821
WHO,male,635,-0.5991,15.9131,0.07821
WHO,male,636,-0.5996,15.9109,0.0782
WHO,male,637,-0.6002,15.9087,0.0782
WHO,male,638,-0.6007,15.9065,0.07819
WHO,male,639,-0.6013,15.9043,0.07818
WHO,male,640,-0.6018,15.9021,0.07818
WHO,male,641,-0.6023,15.9,0.07817
WHO,male,642,-0.6029,15.8978,0.07817
WHO,male,643,-0.6034,15.8956,0.07816
WHO,male,644,-0.604,15.8935,0.07816
WHO,male,645,-0.6045,15.8913,0.07815
WHO,male,646,-0.605,15.8892,0.07815
WHO,male,647,-0.6056,15.8871,0.07814
WHO,male,648,-0.6061,15.885,0.07813
WHO,male,649,-0.6066,15.8829,0.07813
WHO,male,650,-0.6072,15.8808,0.07812
WHO,male,651,-0.6077,15.8787,0.07812
WHO,male,652,-0.6082,15.8766,0.07811
WHO,male,653,-0.6087,15.8745,0.07811
WHO,male,654,-0.6093,15.8725,0.0781
WHO,male,655,-0.6098,15.8704,0.0781
WHO,male,656,-0.6103,15.8684,0.07809
WHO,male,657,-0.6109,15.8663,0.07809
WHO,male,658,-0.6114,15.8643,0.07808
WHO,male,659,-0.6119,15.8623,0.07807
WHO,male,660,-0.6124,15.8602,0.07807
WHO,male,661,-0.613,15.8582,0.07806
WHO,male,662,-0.6135,15.8562,0.07806
WHO,male,663,-0.614,15.8542,0.07805
WHO,male,664,-0.6145,15.8522,0.07805
WHO,male,665,-0.615,15.8503,0.07804
WHO,male,666,-0.6156,15.8483,0.07804
WHO,male,667,-0.6161,15.8463,0.07803
WHO,male,668,-0.6166,15.8444,0.07803
WHO,male,669,-0.6171,15.8424,0.07802
WHO,male,670,-0.6176,15.8405,0.07802
WHO,male,671,-0.6181,15.8385,0.07801
WHO,male,672,-0.6187,15.8366,0.078
WHO,male,673,-0.6192,15.8347,0.078
WHO,male,674,-0.6197,15.8328,0.07799
WHO,male,675,-0.6202,15.8309,0.07799
WHO,male,676,-0.6207,15.829,0.07798
WHO,male,677,-0.6212,15.8271,0.07798
WHO,male,678,-0.6217,15.8252,0.07797
WHO,male,679,-0.6222,15.8233,0.07797
WHO,male,680,-0.6227,15.8214,0.07796
WHO,male,681,-0.6233,15.8196,0.07796
WHO,male,682,-0.6238,15.8177,0.07795
WHO,male,683,-0.6243,15.8158,0.07795
WHO,male,684,-0.6248,15.814,0.07794
WHO,male,685,-0.6253,15.8122,0.07794
WHO,male,686,-0.6258,15.8103,0.07793
WHO,male,687,-0.6263,15.8085,0.07792
WHO,male,688,-0.6268,15.8067,0.07792
WHO,male,689,-0.6273,15.8049,0.07791
WHO,male,690,-0.6278,15.8031,0.07791
WHO,male,691,-0.6283,15.8013,0.0779
WHO,male,692,-0.6288,15.7995,0.0779
WHO,male,693,-0.6293,15.7977,0.07789
WHO,male,694,-0.6298,15.7959,0.07789
WHO,male,695,-0.6303,15.7941,0.07788
WHO,male,696,-0.6308,15.7924,0.07788
WHO,male,697,-0.6313,15.7906,0.07787
WHO,male,698,-0.6318,15.7888,0.07787
WHO,male,699,-0.6323,15.7871,0.07786
WHO,male,700,-0.6328,15.7853,0.07786
WHO,male,701,-0.6333,15.7836,0.07785
WHO,male,702,-0.6338,15.7819,0.07785
WHO,male,703,-0.6343,15.7802,0.07784
WHO,male,704,-0.6348,15.7784,0.07784
WHO,male,705,-0.6352,15.7767,0.07783
WHO,male,706,-0.6357,15.775,0.07783
WHO,male,707,-0.6362,15.7733,0.07782
WHO,male,708,-0.6367,15.7716,0.07782
WHO,male,709,-0.6372,15.7699,0.07781
WHO,male,710,-0.6377,15.7682,0.07781
WHO,male,711,-0.6382,15.7665,0.0778
WHO,male,712,-0.6387,15.7649,0.0778
WHO,male,713,-0.6392,15.7632,0.07779
WHO,male,714,-0.6396,15.7615,0.07779
WHO,male,715,-0.6401,15.7599,0.07778
WHO,male,716,-0.6406,15.7582,0.07778
WHO,male,717,-0.6411,15.7566,0.07777
WHO,male,718,-0.6416,15.7549,0.07777
WHO,male,719,-0.6421,15.7533,0.07776
WHO,male,720,-0.6425,15.7517,0.07776
WHO,male,721,-0.643,15.75,0.07775
WHO,male,722,-0.6435,15.7484,0.07775
WHO,male,723,-0.644,15.7468,0.07774
WHO,male,724,-0.6445,15.7452,0.07774
WHO,male,725,-0.6449,15.7436,0.07773
WHO,male,726,-0.6454,15.742,0.07773
WHO,male,727,-0.6459,15.7404,0.07772
WHO,male,728,-0.6464,15.7388,0.07772
WHO,male,729,-0.6469,15.7372,0.07771
WHO,male,730,-0.6473,15.7356,0.07771
WHO,male,731,-0.6187,16.0189,0.07785
WHO,female,0,-0.0631,13.3363,0.09272
WHO,female,1,0.0362,13.3185,0.0936
WHO,female,2,0.1355,13.3006,0.09448
WHO,female,3,0.2347,13.2828,0.09535
WHO,female,4,0.334,13.2649,0.09623
WHO,female,5,0.4333,13.247,0.09711
WHO,female,6,0.5326,13.2292,0.09799
WHO,female,7,0.6319,13.2113,0.09887
WHO,female,8,0.6142,13.2455,0.09866
WHO,female,9,0.5965,13.2796,0.09845
WHO,female,10,0.5789,13.3137,0.09824
WHO,female,11,0.5612,13.3478,0.09804
WHO,female,12,0.5435,13.3819,0.09783
WHO,female,13,0.5258,13.416,0.09762
WHO,female,14,0.5082,13.4501,0.09741
WHO,female,15,0.4947,13.5169,0.09726
WHO,female,16,0.482,13.5873,0.09711
WHO,female,17,0.4699,13.6595,0.09697
WHO,female,18,0.4583,13.7325,0.09684
WHO,female,19,0.4472,13.8056,0.09671
WHO,female,20,0.4365,13.8784,0.09659
WHO,female,21,0.4263,13.9505,0.09647
WHO,female,22,0.4164,14.0216,0.09636
WHO,female,23,0.4069,14.0916,0.09625
WHO,female,24,0.3977,14.1603,0.09615
WHO,female,25,0.3888,14.2276,0.09605
WHO,female,26,0.3802,14.2935,0.09595
WHO,female,27,0.3718,14.3579,0.09586
WHO,female,28,0.3637,14.4208,0.09577
WHO,female,29,0.3558,14.4824,0.09568
WHO,female,30,0.3481,14.5422,0.09559
WHO,female,31,0.3406,14.6003,0.09551
WHO,female,32,0.3333,14.6566,0.09543
WHO,female,33,0.3262,14.7112,0.09535
WHO,female,34,0.3192,14.7642,0.09527
WHO,female,35,0.3124,14.8157,0.0952
WHO,female,36,0.3058,14.8657,0.09513
WHO,female,37,0.2993,14.9142,0.09506
WHO,female,38,0.2929,14.9614,0.09499
WHO,female,39,0.2867,15.0073,0.09492
WHO,female,40,0.2806,15.052,0.09485
WHO,female,41,0.2747,15.0955,0.09479
WHO,female,42,0.2688,15.138,0.09472
WHO,female,43,0.263,15.1794,0.09466
WHO,female,44,0.2574,15.2198,0.0946
WHO,female,45,0.2519,15.2591,0.09454
WHO,female,46,0.2464,15.2974,0.09448
WHO,female,47,0.2411,15.3347,0.09442
WHO,female,48,0.2358,15.3709,0.09436
WHO,female,49,0.2306,15.4063,0.09431
WHO,female,50,0.2255,15.4408,0.09425
WHO,female,51,0.2205,15.4744,0.0942
WHO,female,52,0.2156,15.5072,0.09415
WHO,female,53,0.2107,15.5393,0.0941
WHO,female,54,0.2059,15.5706,0.09404
WHO,female,55,0.2012,15.6012,0.09399
WHO,female,56,0.1966,15.6311,0.09394
WHO,female,57,0.192,15.6604,0.09389
WHO,female,58,0.1875,15.689,0.09385
WHO,female,59,0.183,15.717,0.0938
WHO,female,60,0.1787,15.7444,0.09375
WHO,female,61,0.1743,15.7713,0.09371
WHO,female,62,0.17,15.7975,0.09366
WHO,female,63,0.1658,15.8232,0.09361
WHO,female,64,0.1617,15.8483,0.09357
WHO,female,65,0.1575,15.8729,0.09353
WHO,female,66,0.1535,15.8968,0.09348
WHO,female,67,0.1495,15.9202,0.09344
WHO,female,68,0.1455,15.9431,0.0934
WHO,female,69,0.1416,15.9655,0.09336
WHO,female,70,0.1377,15.9874,0.09332
WHO,female,71,0.1339,16.0087,0.09328
WHO,female,72,0.1301,16.0297,0.09324
WHO,female,73,0.1263,16.0501,0.0932
WHO,female,74,0.1226,16.0702,0.09316
WHO,female,75,0.119,16.0897,0.09312
WHO,female,76,0.1154,16.1089,0.09308
WHO,female,77,0.1118,16.1277,0.09304
WHO,female,78,0.1082,16.1461,0.093
WHO,female,79,0.1047,16.164,0.09297
WHO,female,80,0.1013,16.1817,0.09293
WHO,female,81,0.0978,16.1989,0.09289
WHO,female,82,0.0944,16.2158,0.09286
WHO,female,83,0.0911,16.2323,0.09282
WHO,female,84,0.0877,16.2485,0.09279
WHO,female,85,0.0844,16.2644,0.09275
WHO,female,86,0.0811,16.28,0.09272
WHO,female,87,0.0779,16.2952,0.09268
WHO,female,88,0.0747,16.3101,0.09265
WHO,female,89,0.0715,16.3247,0.09262
WHO,female,90,0.0684,16.339,0.09258
WHO,female,91,0.0652,16.3531,0.09255
WHO,female,92,0.0621,16.3668,0.09252
WHO,female,93,0.0591,16.3803,0.09249
WHO,female,94,0.056,16.3935,0.09245
WHO,female,95,0.053,16.4065,0.09242
WHO,female,96,0.05,16.4192,0.09239
WHO,female,97,0.0471,16.4316,0.09236
WHO,female,98,0.0442,16.4438,0.09233
WHO,female,99,0.0412,16.4557,0.0923
WHO,female,100,0.0384,16.4673,0.09227
WHO,female,101,0.0355,16.4788,0.09224
WHO,female,102,0.0327,16.49,0.09221
WHO,female,103,0.0298,16.5009,0.09218
WHO,female,104,0.027,16.5117,0.09215
WHO,female,105,0.0243,16.5222,0.09212
WHO,female,106,0.0215,16.5325,0.09209
WHO,female,107,0.0188,16.5426,0.09206
WHO,female,108,0.0161,16.5525,0.09203
WHO,female,109,0.0134,16.5622,0.09201
WHO,female,110,0.0107,16.5717,0.09198
WHO,female,111,0.0081,16.581,0.09195
WHO,female,112,0.0055,16.5901,0.09192
WHO,female,113,0.0029,16.5991,0.09189
WHO,female,114,0.0003,16.6078,0.09187
WHO,female,115,-0.0023,16.6164,0.09184
WHO,female,116,-0.0048,16.6249,0.09181
WHO,female,117,-0.0074,16.6331,0.09179
WHO,female,118,-0.0099,16.6412,0.09176
WHO,female,119,-0.0124,16.6492,0.09173
WHO,female,120,-0.0148,16.657,0.09171
WHO,female,121,-0.0173,16.6647,0.09168
WHO,female,122,-0.0197,16.6722,0.09166
WHO,female,123,-0.0222,16.6795,0.09163
WHO,female,124,-0.0246,16.6868,0.09161
WHO,female,125,-0.027,16.6939,0.09158
WHO,female,126,-0.0293,16.7009,0.09156
WHO,female,127,-0.0317,16.7077,0.09153
WHO,female,128,-0.034,16.7144,0.09151
WHO,female,129,-0.0364,16.721,0.09148
WHO,female,130,-0.0387,16.7274,0.09146
WHO,female,131,-0.041,16.7337,0.09143
WHO,female,132,-0.0433,16.7399,0.09141
WHO,female,133,-0.0455,16.746,0.09139
WHO,female,134,-0.0478,16.7519,0.09136
WHO,female,135,-0.05,16.7577,0.09134
WHO,female,136,-0.0522,16.7634,0.09131
WHO,female,137,-0.0545,16.7689,0.09129
WHO,female,138,-0.0566,16.7743,0.09127
WHO,female,139,-0.0588,16.7797,0.09125
WHO,female,140,-0.061,16.7848,0.09122
WHO,female,141,-0.0632,16.7899,0.0912
WHO,female,142,-0.0653,16.7948,0.09118
WHO,female,143,-0.0674,16.7997,0.09116
WHO,female,144,-0.0696,16.8044,0.09113
WHO,female,145,-0.0717,16.809,0.09111
WHO,female,146,-0.0737,16.8134,0.09109
WHO,female,147,-0.0758,16.8178,0.09107
WHO,female,148,-0.0779,16.822,0.09104
WHO,female,149,-0.08,16.8262,0.09102
WHO,female,150,-0.082,16.8302,0.091
WHO,female,151,-0.084,16.8341,0.09098
WHO,female,152,-0.086,16.8379,0.09096
WHO,female,153,-0.0881,16.8416,0.09094
WHO,female,154,-0.0901,16.8452,0.09092
WHO,female,155,-0.092,16.8487,0.0909
WHO,female,156,-0.094,16.8521,0.09088
WHO,female,157,-0.096,16.8554,0.09085
WHO,female,158,-0.0979,16.8586,0.09083
WHO,female,159,-0.0999,16.8617,0.09081
WHO,female,160,-0.1018,16.8648,0.09079
WHO,female,161,-0.1037,16.8677,0.09077
WHO,female,162,-0.1056,16.8705,0.09075
WHO,female,163,-0.1075,16.8732,0.09073
WHO,female,164,-0.1094,16.8759,0.09071
WHO,female,165,-0.1113,16.8784,0.09069
WHO,female,166,-0.1132,16.8808,0.09067
WHO,female,167,-0.115,16.8832,0.09065
WHO,female,168,-0.1169,16.8854,0.09063
WHO,female,169,-0.1187,16.8876,0.09061
WHO,female,170,-0.1206,16.8897,0.09059
WHO,female,171,-0.1224,16.8917,0.09058
WHO,female,172,-0.1242,16.8936,0.09056
WHO,female,173,-0.126,16.8954,0.09054
WHO,female,174,-0.1278,16.8971,0.09052
WHO,female,175,-0.1296,16.8987,0.0905
WHO,female,176,-0.1314,16.9002,0.09048
WHO,female,177,-0.1331,16.9017,0.09046
WHO,female,178,-0.1349,16.9031,0.09044
WHO,female,179,-0.1366,16.9043,0.09043
WHO,female,180,-0.1384,16.9055,0.09041
WHO,female,181,-0.1401,16.9066,0.09039
WHO,female,182,-0.1418,16.9077,0.09037
WHO,female,183,-0.1436,16.9086,0.09035
WHO,female,184,-0.1453,16.9095,0.09033
WHO,female,185,-0.147,16.9102,0.09032
WHO,female,186,-0.1487,16.9109,0.0903
WHO,female,187,-0.1503,16.9116,0.09028
WHO,female,188,-0.152,16.9121,0.09026
WHO,female,189,-0.1537,16.9125,0.09024
WHO,female,190,-0.1554,16.9129,0.09023
WHO,female,191,-0.157,16.9132,0.09021
WHO,female,192,-0.1587,16.9135,0.09019
WHO,female,193,-0.1603,16.9136,0.09017
WHO,female,194,-0.1619,16.9137,0.09016
WHO,female,195,-0.1635,16.9137,0.09014
WHO,female,196,-0.1652,16.9136,0.09012
WHO,female,197,-0.1668,16.9135,0.09011
WHO,female,198,-0.1684,16.9133,0.09009
WHO,female,199,-0.17,16.913,0.09007
WHO,female,200,-0.1715,16.9127,0.09006
WHO,female,201,-0.1731,16.9122,0.09004
WHO,female,202,-0.1747,16.9118,0.09002
WHO,female,203,-0.1763,16.9112,0.09001
WHO,female,204,-0.1778,16.9106,0.08999
WHO,female,205,-0.1794,16.9099,0.08997
WHO,female,206,-0.1809,16.9091,0.08996
WHO,female,207,-0.1824,16.9083,0.08994
WHO,female,208,-0.184,16.9074,0.08992
WHO,female,209,-0.1855,16.9065,0.08991
WHO,female,210,-0.187,16.9055,0.08989
WHO,female,211,-0.1885,16.9044,0.08988
WHO,female,212,-0.19,16.9033,0.08986
WHO,female,213,-0.1915,16.9021,0.08984
WHO,female,214,-0.193,16.9008,0.08983
WHO,female,215,-0.1945,16.8995,0.08981
WHO,female,216,-0.196,16.8981,0.0898
WHO,female,217,-0.1975,16.8967,0.08978
WHO,female,218,-0.1989,16.8952,0.08976
WHO,female,219,-0.2004,16.8937,0.08975
WHO,female,220,-0.2018,16.8921,0.08973
WHO,female,221,-0.2033,16.8905,0.08972
WHO,female,222,-0.2047,16.8888,0.0897
WHO,female,223,-0.2062,16.887,0.08969
WHO,female,224,-0.2076,16.8852,0.08967
WHO,female,225,-0.209,16.8834,0.08966
WHO,female,226,-0.2104,16.8814,0.08964
WHO,female,227,-0.2119,16.8795,0.08963
WHO,female,228,-0.2133,16.8775,0.08961
WHO,female,229,-0.2147,16.8754,0.0896
WHO,female,230,-0.2161,16.8733,0.08958
WHO,female,231,-0.2175,16.8712,0.08957
WHO,female,232,-0.2188,16.869,0.08955
WHO,female,233,-0.2202,16.8667,0.08954
WHO,female,234,-0.2216,16.8644,0.08952
WHO,female,235,-0.223,16.8621,0.08951
WHO,female,236,-0.2243,16.8597,0.08949
WHO,female,237,-0.2257,16.8572,0.08948
WHO,female,238,-0.227,16.8548,0.08947
WHO,female,239,-0.2284,16.8522,0.08945
WHO,female,240,-0.2297,16.8497,0.08944
WHO,female,241,-0.2311,16.8471,0.08942
WHO,female,242,-0.2324,16.8444,0.08941
WHO,female,243,-0.2337,16.8417,0.08939
WHO,female,244,-0.2351,16.839,0.08938
WHO,female,245,-0.2364,16.8362,0.08937
WHO,female,246,-0.2377,16.8334,0.08935
WHO,female,247,-0.239,16.8305,0.08934
WHO,female,248,-0.2403,16.8276,0.08932
WHO,female,249,-0.2416,16.8247,0.08931
WHO,female,250,-0.2429,16.8217,0.0893
WHO,female,251,-0.2442,16.8187,0.08928
WHO,female,252,-0.2455,16.8157,0.08927
WHO,female,253,-0.2467,16.8126,0.08926
WHO,female,254,-0.248,16.8095,0.08924
WHO,female,255,-0.2493,16.8063,0.08923
WHO,female,256,-0.2505,16.8031,0.08921
WHO,female,257,-0.2518,16.7999,0.0892
WHO,female,258,-0.2531,16.7967,0.08919
WHO,female,259,-0.2543,16.7934,0.08917
WHO,female,260,-0.2556,16.79,0.08916
WHO,female,261,-0.2568,16.7867,0.08915
WHO,female,262,-0.258,16.7833,0.08913
WHO,female,263,-0.2593,16.7799,0.08912
WHO,female,264,-0.2605,16.7764,0.08911
WHO,female,265,-0.2617,16.773,0.08909
WHO,female,266,-0.263,16.7695,0.08908
WHO,female,267,-0.2642,16.7659,0.08907
WHO,female,268,-0.2654,16.7624,0.08906
WHO,female,269,-0.2666,16.7588,0.08904
WHO,female,270,-0.2678,16.7551,0.08903
WHO,female,271,-0.269,16.7515,0.08902
WHO,female,272,-0.2702,16.7478,0.089
WHO,female,273,-0.2714,16.7441,0.08899
WHO,female,274,-0.2726,16.7404,0.08898
WHO,female,275,-0.2737,16.7367,0.08897
WHO,female,276,-0.2749,16.7329,0.08895
WHO,female,277,-0.2761,16.7291,0.08894
WHO,female,278,-0.2773,16.7253,0.08893
WHO,female,279,-0.2784,16.7214,0.08892
WHO,female,280,-0.2796,16.7176,0.0889
WHO,female,281,-0.2808,16.7137,0.08889
WHO,female,282,-0.2819,16.7098,0.08888
WHO,female,283,-0.2831,16.7059,0.08887
WHO,female,284,-0.2842,16.7019,0.08885
WHO,female,285,-0.2854,16.698,0.08884
WHO,female,286,-0.2865,16.694,0.08883
WHO,female,287,-0.2876,16.69,0.08882
WHO,female,288,-0.2888,16.686,0.08881
WHO,female,289,-0.2899,16.682,0.08879
WHO,female,290,-0.291,16.6779,0.08878
WHO,female,291,-0.2922,16.6739,0.08877
WHO,female,292,-0.2933,16.6698,0.08876
WHO,female,293,-0.2944,16.6657,0.08874
WHO,female,294,-0.2955,16.6616,0.08873
WHO,female,295,-0.2966,16.6575,0.08872
WHO,female,296,-0.2977,16.6534,0.08871
WHO,female,297,-0.2988,16.6492,0.0887
WHO,female,298,-0.2999,16.6451,0.08869
WHO,female,299,-0.301,16.6409,0.08867
WHO,female,300,-0.3021,16.6367,0.08866
WHO,female,301,-0.3032,16.6326,0.08865
WHO,female,302,-0.3043,16.6284,0.08864
WHO,female,303,-0.3053,16.6242,0.08863
WHO,female,304,-0.3064,16.62,0.08862
WHO,female,305,-0.3075,16.6157,0.0886
WHO,female,306,-0.3086,16.6115,0.08859
WHO,female,307,-0.3096,16.6073,0.08858
WHO,female,308,-0.3107,16.603,0.08857
WHO,female,309,-0.3118,16.5988,0.08856
WHO,female,310,-0.3128,16.5945,0.08855
WHO,female,311,-0.3139,16.5903,0.08854
WHO,female,312,-0.3149,16.586,0.08852
WHO,female,313,-0.316,16.5817,0.08851
WHO,female,314,-0.317,16.5774,0.0885
WHO,female,315,-0.3181,16.5731,0.08849
WHO,female,316,-0.3191,16.5688,0.08848
WHO,female,317,-0.3201,16.5645,0.08847
WHO,female,318,-0.3212,16.5602,0.08846
WHO,female,319,-0.3222,16.5559,0.08845
WHO,female,320,-0.3232,16.5516,0.08843
WHO,female,321,-0.3242,16.5473,0.08842
WHO,female,322,-0.3253,16.543,0.08841
WHO,female,323,-0.3263,16.5387,0.0884
WHO,female,324,-0.3273,16.5343,0.08839
WHO,female,325,-0.3283,16.53,0.08838
WHO,female,326,-0.3293,16.5257,0.08837
WHO,female,327,-0.3303,16.5213,0.08836
WHO,female,328,-0.3313,16.517,0.08835
WHO,female,329,-0.3323,16.5127,0.08834
WHO,female,330,-0.3333,16.5083,0.08833
WHO,female,331,-0.3343,16.504,0.08832
WHO,female,332,-0.3353,16.4997,0.0883
WHO,female,333,-0.3363,16.4953,0.08829
WHO,female,334,-0.3373,16.491,0.08828
WHO,female,335,-0.3382,16.4867,0.08827
WHO,female,336,-0.3392,16.4823,0.08826
WHO,female,337,-0.3402,16.478,0.08825
WHO,female,338,-0.3412,16.4737,0.08824
WHO,female,339,-0.3421,16.4693,0.08823
WHO,female,340,-0.3431,16.465,0.08822
WHO,female,341,-0.3441,16.4607,0.08821
WHO,female,342,-0.345,16.4563,0.0882
WHO,female,343,-0.346,16.452,0.08819
WHO,female,344,-0.347,16.4477,0.08818
WHO,female,345,-0.3479,16.4434,0.08817
WHO,female,346,-0.3489,16.4391,0.08816
WHO,female,347,-0.3498,16.4347,0.08815
WHO,female,348,-0.3508,16.4304,0.08814
WHO,female,349,-0.3517,16.4261,0.08813
WHO,female,350,-0.3526,16.4218,0.08812
WHO,female,351,-0.3536,16.4175,0.08811
WHO,female,352,-0.3545,16.4132,0.0881
WHO,female,353,-0.3555,16.4089,0.08809
WHO,female,354,-0.3564,16.4046,0.08808
WHO,female,355,-0.3573,16.4004,0.08807
WHO,female,356,-0.3582,16.3961,0.08806
WHO,female,357,-0.3592,16.3918,0.08805
WHO,female,358,-0.3601,16.3875,0.08804
WHO,female,359,-0.361,16.3833,0.08803
WHO,female,360,-0.3619,16.379,0.08802
WHO,female,361,-0.3628,16.3748,0.08801
WHO,female,362,-0.3638,16.3705,0.088
WHO,female,363,-0.3647,16.3663,0.08799
WHO,female,364,-0.3656,16.3621,0.08798
WHO,female,365,-0.3665,16.3578,0.08797
WHO,female,366,-0.3674,16.3536,0.08796
WHO,female,367,-0.3683,16.3494,0.08795
WHO,female,368,-0.3692,16.3452,0.08794
WHO,female,369,-0.3701,16.341,0.08793
WHO,female,370,-0.371,16.3368,0.08792
WHO,female,371,-0.3719,16.3326,0.08791
WHO,female,372,-0.3727,16.3284,0.0879
WHO,female,373,-0.3736,16.3242,0.08789
WHO,female,374,-0.3745,16.32,0.08788
WHO,female,375,-0.3754,16.3158,0.08787
WHO,female,376,-0.3763,16.3117,0.08786
WHO,female,377,-0.3772,16.3075,0.08785
WHO,female,378,-0.378,16.3034,0.08784
WHO,female,379,-0.3789,16.2992,0.08783
WHO,female,380,-0.3798,16.2951,0.08782
WHO,female,381,-0.3806,16.291,0.08782
WHO,female,382,-0.3815,16.2868,0.08781
WHO,female,383,-0.3824,16.2827,0.0878
WHO,female,384,-0.3832,16.2786,0.08779
WHO,female,385,-0.3841,16.2745,0.08778
WHO,female,386,-0.385,16.2704,0.08777
WHO,female,387,-0.3858,16.2663,0.08776
WHO,female,388,-0.3867,16.2622,0.08775
WHO,female,389,-0.3875,16.2582,0.08774
WHO,female,390,-0.3884,16.2541,0.08773
WHO,female,391,-0.3892,16.25,0.08772
WHO,female,392,-0.3901,16.246,0.08771
WHO,female,393,-0.3909,16.2419,0.0877
WHO,female,394,-0.3917,16.2379,0.08769
WHO,female,395,-0.3926,16.2339,0.08769
WHO,female,396,-0.3934,16.2298,0.08768
WHO,female,397,-0.3943,16.2258,0.08767
WHO,female,398,-0.3951,16.2218,0.08766
WHO,female,399,-0.3959,16.2178,0.08765
WHO,female,400,-0.3968,16.2138,0.08764
WHO,female,401,-0.3976,16.2099,0.08763
WHO,female,402,-0.3984,16.2059,0.08762
WHO,female,403,-0.3992,16.2019,0.08761
WHO,female,404,-0.4001,16.198,0.08761
WHO,female,405,-0.4009,16.194,0.0876
WHO,female,406,-0.4017,16.1901,0.08759
WHO,female,407,-0.4025,16.1862,0.08758
WHO,female,408,-0.4033,16.1822,0.08757
WHO,female,409,-0.4041,16.1783,0.08756
WHO,female,410,-0.4049,16.1744,0.08755
WHO,female,411,-0.4057,16.1705,0.08754
WHO,female,412,-0.4066,16.1667,0.08753
WHO,female,413,-0.4074,16.1628,0.08753
WHO,female,414,-0.4082,16.1589,0.08752
WHO,female,415,-0.409,16.1551,0.08751
WHO,female,416,-0.4098,16.1512,0.0875
WHO,female,417,-0.4106,16.1474,0.08749
WHO,female,418,-0.4114,16.1435,0.08748
WHO,female,419,-0.4121,16.1397,0.08747
WHO,female,420,-0.4129,16.1359,0.08747
WHO,female,421,-0.4137,16.1321,0.08746
WHO,female,422,-0.4145,16.1283,0.08745
WHO,female,423,-0.4153,16.1245,0.08744
WHO,female,424,-0.4161,16.1207,0.08743
WHO,female,425,-0.4169,16.117,0.08742
WHO,female,426,-0.4176,16.1132,0.08741
WHO,female,427,-0.4184,16.1095,0.08741
WHO,female,428,-0.4192,16.1057,0.0874
WHO,female,429,-0.42,16.102,0.08739
WHO,female,430,-0.4208,16.0983,0.08738
WHO,female,431,-0.4215,16.0946,0.08737
WHO,female,432,-0.4223,16.0909,0.08736
WHO,female,433,-0.4231,16.0872,0.08736
WHO,female,434,-0.4238,16.0835,0.08735
WHO,female,435,-0.4246,16.0798,0.08734
WHO,female,436,-0.4254,16.0762,0.08733
WHO,female,437,-0.4261,16.0725,0.08732
WHO,female,438,-0.4269,16.0689,0.08731
WHO,female,439,-0.4276,16.0652,0.08731
WHO,female,440,-0.4284,16.0616,0.0873
WHO,female,441,-0.4292,16.058,0.08729
WHO,female,442,-0.4299,16.0544,0.08728
WHO,female,443,-0.4307,16.0508,0.08727
WHO,female,444,-0.4314,16.0472,0.08727
WHO,female,445,-0.4322,16.0436,0.08726
WHO,female,446,-0.4329,16.04,0.08725
WHO,female,447,-0.4337,16.0365,0.08724
WHO,female,448,-0.4344,16.0329,0.08723
WHO,female,449,-0.4351,16.0294,0.08722
WHO,female,450,-0.4359,16.0258,0.08722
WHO,female,451,-0.4366,16.0223,0.08721
WHO,female,452,-0.4374,16.0188,0.0872
WHO,female,453,-0.4381,16.0153,0.08719
WHO,female,454,-0.4388,16.0118,0.08718
WHO,female,455,-0.4396,16.0083,0.08718
WHO,female,456,-0.4403,16.0048,0.08717
WHO,female,457,-0.441,16.0013,0.08716
WHO,female,458,-0.4418,15.9979,0.08715
WHO,female,459,-0.4425,15.9944,0.08714
WHO,female,460,-0.4432,15.991,0.08714
WHO,female,461,-0.4439,15.9875,0.08713
WHO,female,462,-0.4447,15.9841,0.08712
WHO,female,463,-0.4454,15.9807,0.08711
WHO,female,464,-0.4461,15.9773,0.08711
WHO,female,465,-0.4468,15.9739,0.0871
WHO,female,466,-0.4475,15.9705,0.08709
WHO,female,467,-0.4482,15.9671,0.08708
WHO,female,468,-0.449,15.9638,0.08707
WHO,female,469,-0.4497,15.9604,0.08707
WHO,female,470,-0.4504,15.9571,0.08706
WHO,female,471,-0.4511,15.9537,0.08705
WHO,female,472,-0.4518,15.9504,0.08704
WHO,female,473,-0.4525,15.9471,0.08704
WHO,female,474,-0.4532,15.9438,0.08703
WHO,female,475,-0.4539,15.9405,0.08702
WHO,female,476,-0.4546,15.9372,0.08701
WHO,female,477,-0.4553,15.9339,0.08701
WHO,female,478,-0.456,15.9307,0.087
WHO,female,479,-0.4567,15.9274,0.08699
WHO,female,480,-0.4574,15.9241,0.08698
WHO,female,481,-0.4581,15.9209,0.08698
WHO,female,482,-0.4588,15.9177,0.08697
WHO,female,483,-0.4595,15.9145,0.08696
WHO,female,484,-0.4602,15.9112,0.08695
WHO,female,485,-0.4609,15.908,0.08695
WHO,female,486,-0.4616,15.9049,0.08694
WHO,female,487,-0.4623,15.9017,0.08693
WHO,female,488,-0.4629,15.8985,0.08692
WHO,female,489,-0.4636,15.8953,0.08692
WHO,female,490,-0.4643,15.8922,0.08691
WHO,female,491,-0.465,15.8891,0.0869
WHO,female,492,-0.4657,15.8859,0.08689
WHO,female,493,-0.4663,15.8828,0.08689
WHO,female,494,-0.467,15.8797,0.08688
WHO,female,495,-0.4677,15.8766,0.08687
WHO,female,496,-0.4684,15.8735,0.08686
WHO,female,497,-0.469,15.8704,0.08686
WHO,female,498,-0.4697,15.8673,0.08685
WHO,female,499,-0.4704,15.8643,0.08684
WHO,female,500,-0.4711,15.8612,0.08683
WHO,female,501,-0.4717,15.8582,0.08683
WHO,female,502,-0.4724,15.8552,0.08682
WHO,female,503,-0.4731,15.8521,0.08681
WHO,female,504,-0.4737,15.8491,0.08681
WHO,female,505,-0.4744,15.8461,0.0868
WHO,female,506,-0.4751,15.8431,0.08679
WHO,female,507,-0.4757,15.8401,0.08678
WHO,female,508,-0.4764,15.8372,0.08678
WHO,female,509,-0.477,15.8342,0.08677
WHO,female,510,-0.4777,15.8313,0.08676
WHO,female,511,-0.4783,15.8283,0.08676
WHO,female,512,-0.479,15.8254,0.08675
WHO,female,513,-0.4797,15.8224,0.08674
WHO,female,514,-0.4803,15.8195,0.08673
WHO,female,515,-0.481,15.8166,0.08673
WHO,female,516,-0.4816,15.8137,0.08672
WHO,female,517,-0.4823,15.8108,0.08671
WHO,female,518,-0.4829,15.808,0.08671
WHO,female,519,-0.4836,15.8051,0.0867
WHO,female,520,-0.4842,15.8022,0.08669
WHO,female,521,-0.4848,15.7994,0.08668
WHO,female,522,-0.4855,15.7965,0.08668
WHO,female,523,-0.4861,15.7937,0.08667
WHO,female,524,-0.4868,15.7909,0.08666
WHO,female,525,-0.4874,15.7881,0.08666
WHO,female,526,-0.488,15.7853,0.08665
WHO,female,527,-0.4887,15.7825,0.08664
WHO,female,528,-0.4893,15.7797,0.08664
WHO,female,529,-0.49,15.7769,0.08663
WHO,female,530,-0.4906,15.7742,0.08662
WHO,female,531,-0.4912,15.7714,0.08662
WHO,female,532,-0.4919,15.7687,0.08661
WHO,female,533,-0.4925,15.7659,0.0866
WHO,female,534,-0.4931,15.7632,0.0866
WHO,female,535,-0.4937,15.7605,0.08659
WHO,female,536,-0.4944,15.7578,0.08658
WHO,female,537,-0.495,15.7551,0.08657
WHO,female,538,-0.4956,15.7524,0.08657
WHO,female,539,-0.4962,15.7497,0.08656
WHO,female,540,-0.4969,15.747,0.08655
WHO,female,541,-0.4975,15.7444,0.08655
WHO,female,542,-0.4981,15.7417,0.08654
WHO,female,543,-0.4987,15.7391,0.08653
WHO,female,544,-0.4993,15.7364,0.08653
WHO,female,545,-0.5,15.7338,0.08652
WHO,female,546,-0.5006,15.7312,0.08651
WHO,female,547,-0.5012,15.7286,0.08651
WHO,female,548,-0.5018,15.726,0.0865
WHO,female,549,-0.5024,15.7234,0.08649
WHO,female,550,-0.503,15.7208,0.08649
WHO,female,551,-0.5036,15.7183,0.08648
WHO,female,552,-0.5043,15.7157,0.08647
WHO,female,553,-0.5049,15.7132,0.08647
WHO,female,554,-0.5055,15.7106,0.08646
WHO,female,555,-0.5061,15.7081,0.08645
WHO,female,556,-0.5067,15.7056,0.08645
WHO,female,557,-0.5073,15.703,0.08644
WHO,female,558,-0.5079,15.7005,0.08643
WHO,female,559,-0.5085,15.698,0.08643
WHO,female,560,-0.5091,15.6956,0.08642
WHO,female,561,-0.5097,15.6931,0.08642
WHO,female,562,-0.5103,15.6906,0.08641
WHO,female,563,-0.5109,15.6882,0.0864
WHO,female,564,-0.5115,15.6857,0.0864
WHO,female,565,-0.5121,15.6833,0.08639
WHO,female,566,-0.5127,15.6808,0.08638
WHO,female,567,-0.5133,15.6784,0.08638
WHO,female,568,-0.5139,15.676,0.08637
WHO,female,569,-0.5145,15.6736,0.08636
WHO,female,570,-0.5151,15.6712,0.08636
WHO,female,571,-0.5156,15.6688,0.08635
WHO,female,572,-0.5162,15.6665,0.08634
WHO,female,573,-0.5168,15.6641,0.08634
WHO,female,574,-0.5174,15.6617,0.08633
WHO,female,575,-0.518,15.6594,0.08632
WHO,female,576,-0.5186,15.6571,0.08632
WHO,female,577,-0.5192,15.6547,0.08631
WHO,female,578,-0.5197,15.6524,0.08631
WHO,female,579,-0.5203,15.6501,0.0863
WHO,female,580,-0.5209,15.6478,0.08629
WHO,female,581,-0.5215,15.6455,0.08629
WHO,female,582,-0.5221,15.6432,0.08628
WHO,female,583,-0.5226,15.6409,0.08627
WHO,female,584,-0.5232,15.6387,0.08627
WHO,female,585,-0.5238,15.6364,0.08626
WHO,female,586,-0.5244,15.6342,0.08626
WHO,female,587,-0.525,15.6319,0.08625
WHO,female,588,-0.5255,15.6297,0.08624
WHO,female,589,-0.5261,15.6275,0.08624
WHO,female,590,-0.5267,15.6253,0.08623
WHO,female,591,-0.5272,15.6231,0.08622
WHO,female,592,-0.5278,15.6209,0.08622
WHO,female,593,-0.5284,15.6187,0.08621
WHO,female,594,-0.529,15.6165,0.08621
WHO,female,595,-0.5295,15.6144,0.0862
WHO,female,596,-0.5301,15.6122,0.08619
WHO,female,597,-0.5307,15.61,0.08619
WHO,female,598,-0.5312,15.6079,0.08618
WHO,female,599,-0.5318,15.6058,0.08618
WHO,female,600,-0.5323,15.6037,0.08617
WHO,female,601,-0.5329,15.6015,0.08616
WHO,female,602,-0.5335,15.5994,0.08616
WHO,female,603,-0.534,15.5973,0.08615
WHO,female,604,-0.5346,15.5953,0.08614
WHO,female,605,-0.5351,15.5932,0.08614
WHO,female,606,-0.5357,15.5911,0.08613
WHO,female,607,-0.5363,15.589,0.08613
WHO,female,608,-0.5368,15.587,0.08612
WHO,female,609,-0.5374,15.585,0.08611
WHO,female,610,-0.5379,15.5829,0.08611
WHO,female,611,-0.5385,15.5809,0.0861
WHO,female,612,-0.539,15.5789,0.0861
WHO,female,613,-0.5396,15.5769,0.08609
WHO,female,614,-0.5401,15.5749,0.08608
WHO,female,615,-0.5407,15.5729,0.08608
WHO,female,616,-0.5412,15.5709,0.08607
WHO,female,617,-0.5418,15.569,0.08607
WHO,female,618,-0.5423,15.567,0.08606
WHO,female,619,-0.5429,15.5651,0.08605
WHO,female,620,-0.5434,15.5631,0.08605
WHO,female,621,-0.544,15.5612,0.08604
WHO,female,622,-0.5445,15.5593,0.08604
WHO,female,623,-0.5451,15.5574,0.08603
WHO,female,624,-0.5456,15.5555,0.08603
WHO,female,625,-0.5461,15.5536,0.08602
WHO,female,626,-0.5467,15.5517,0.08601
WHO,female,627,-0.5472,15.5498,0.08601
WHO,female,628,-0.5478,15.548,0.086
WHO,female,629,-0.5483,15.5461,0.086
WHO,female,630,-0.5488,15.5443,0.08599
WHO,female,631,-0.5494,15.5424,0.08598
WHO,female,632,-0.5499,15.5406,0.08598
WHO,female,633,-0.5504,15.5388,0.08597
WHO,female,634,-0.551,15.537,0.08597
WHO,female,635,-0.5515,15.5352,0.08596
WHO,female,636,-0.552,15.5334,0.08596
WHO,female,637,-0.5526,15.5316,0.08595
WHO,female,638,-0.5531,15.5299,0.08594
WHO,female,639,-0.5536,15.5281,0.08594
WHO,female,640,-0.5542,15.5263,0.08593
WHO,female,641,-0.5547,15.5246,0.08593
WHO,female,642,-0.5552,15.5229,0.08592
WHO,female,643,-0.5557,15.5212,0.08591
WHO,female,644,-0.5563,15.5194,0.08591
WHO,female,645,-0.5568,15.5177,0.0859
WHO,female,646,-0.5573,15.5161,0.0859
WHO,female,647,-0.5578,15.5144,0.08589
WHO,female,648,-0.5584,15.5127,0.08589
WHO,female,649,-0.5589,15.511,0.08588
WHO,female,650,-0.5594,15.5094,0.08587
WHO,female,651,-0.5599,15.5077,0.08587
WHO,female,652,-0.5605,15.5061,0.08586
WHO,female,653,-0.561,15.5045,0.08586
WHO,female,654,-0.5615,15.5028,0.08585
WHO,female,655,-0.562,15.5012,0.08585
WHO,female,656,-0.5625,15.4996,0.08584
WHO,female,657,-0.563,15.498,0.08584
WHO,female,658,-0.5636,15.4965,0.08583
WHO,female,659,-0.5641,15.4949,0.08582
WHO,female,660,-0.5646,15.4933,0.08582
WHO,female,661,-0.5651,15.4918,0.08581
WHO,female,662,-0.5656,15.4902,0.08581
WHO,female,663,-0.5661,15.4887,0.0858
WHO,female,664,-0.5666,15.4872,0.0858
WHO,female,665,-0.5672,15.4856,0.08579
WHO,female,666,-0.5677,15.4841,0.08579
WHO,female,667,-0.5682,15.4826,0.08578
WHO,female,668,-0.5687,15.4811,0.08577
WHO,female,669,-0.5692,15.4797,0.08577
WHO,female,670,-0.5697,15.4782,0.08576
WHO,female,671,-0.5702,15.4767,0.08576
WHO,female,672,-0.5707,15.4753,0.08575
WHO,female,673,-0.5712,15.4738,0.08575
WHO,female,674,-0.5717,15.4724,0.08574
WHO,female,675,-0.5722,15.471,0.08574
WHO,female,676,-0.5727,15.4695,0.08573
WHO,female,677,-0.5732,15.4681,0.08573
WHO,female,678,-0.5737,15.4667,0.08572
WHO,female,679,-0.5742,15.4653,0.08571
WHO,female,680,-0.5747,15.4639,0.08571
WHO,female,681,-0.5752,15.4626,0.0857
WHO,female,682,-0.5757,15.4612,0.0857
WHO,female,683,-0.5762,15.4598,0.08569
WHO,female,684,-0.5767,15.4585,0.08569
WHO,female,685,-0.5772,15.4572,0.08568
WHO,female,686,-0.5777,15.4558,0.08568
WHO,female,687,-0.5782,15.4545,0.08567
WHO,female,688,-0.5787,15.4532,0.08567
WHO,female,689,-0.5792,15.4519,0.08566
WHO,female,690,-0.5797,15.4506,0.08565
WHO,female,691,-0.5802,15.4493,0.08565
WHO,female,692,-0.5807,15.448,0.08564
WHO,female,693,-0.5812,15.4467,0.08564
WHO,female,694,-0.5817,15.4455,0.08563
WHO,female,695,-0.5821,15.4442,0.08563
WHO,female,696,-0.5826,15.443,0.08562
WHO,female,697,-0.5831,15.4417,0.08562
WHO,female,698,-0.5836,15.4405,0.08561
WHO,female,699,-0.5841,15.4393,0.08561
WHO,female,700,-0.5846,15.4381,0.0856
WHO,female,701,-0.5851,15.4368,0.0856
WHO,female,702,-0.5855,15.4356,0.08559
WHO,female,703,-0.586,15.4345,0.08559
WHO,female,704,-0.5865,15.4333,0.08558
WHO,female,705,-0.587,15.4321,0.08558
WHO,female,706,-0.5875,15.4309,0.08557
WHO,female,707,-0.588,15.4298,0.08556
WHO,female,708,-0.5884,15.4286,0.08556
WHO,female,709,-0.5889,15.4275,0.08555
WHO,female,710,-0.5894,15.4263,0.08555
WHO,female,711,-0.5899,15.4252,0.08554
WHO,female,712,-0.5904,15.4241,0.08554
WHO,female,713,-0.5908,15.423,0.08553
WHO,female,714,-0.5913,15.4219,0.08553
WHO,female,715,-0.5918,15.4208,0.08552
WHO,female,716,-0.5923,15.4197,0.08552
WHO,female,717,-0.5927,15.4186,0.08551
WHO,female,718,-0.5932,15.4175,0.08551
WHO,female,719,-0.5937,15.4164,0.0855
WHO,female,720,-0.5942,15.4154,0.0855
WHO,female,721,-0.5946,15.4143,0.08549
WHO,female,722,-0.5951,15.4133,0.08549
WHO,female,723,-0.5956,15.4122,0.08548
WHO,female,724,-0.5961,15.4112,0.08548
WHO,female,725,-0.5965,15.4102,0.08547
WHO,female,726,-0.597,15.4092,0.08547
WHO,female,727,-0.5975,15.4082,0.08546
WHO,female,728,-0.5979,15.4072,0.08546
WHO,female,729,-0.5984,15.4062,0.08545
WHO,female,730,-0.5989,15.4052,0.08545
WHO,female,731,-0.5684,15.6881,0.08454
CDC,male,730.5,-2.01118107,16.57502768,0.080592465
CDC,male,745.7188,-1.982373595,16.54777487,0.080127429
CDC,male,776.1562,-1.924100169,16.49442763,0.079233994
CDC,male,806.5938,-1.86549793,16.44259552,0.078389356
CDC,male,837.0312,-1.807261899,16.3922434,0.077593501
CDC,male,867.4688,-1.750118905,16.34333654,0.076846462
CDC,male,897.9062,-1.69481584,16.29584097,0.076148308
CDC,male,928.3438,-1.642106779,16.24972371,0.075499126
CDC,male,958.7812,-1.592744414,16.20495268,0.074898994
CDC,male,989.2188,-1.547442391,16.16149871,0.074347997
CDC,male,1019.6562,-1.506902601,16.11933258,0.073846139
CDC,male,1050.0938,-1.471770047,16.07842758,0.07339337
CDC,male,1080.5312,-1.442628957,16.03875896,0.072989551
CDC,male,1110.9688,-1.419991255,16.00030401,0.072634432
CDC,male,1141.4062,-1.404277619,15.96304277,0.072327649
CDC,male,1171.8438,-1.39586317,15.92695418,0.07206864
CDC,male,1202.2812,-1.394935252,15.89202582,0.071856805
CDC,male,1232.7188,-1.401671596,15.85824093,0.071691278
CDC,male,1263.1562,-1.416100312,15.82558822,0.071571093
CDC,male,1293.5938,-1.438164899,15.79405728,0.071495113
CDC,male,1324.0312,-1.467669032,15.76364255,0.071462106
CDC,male,1354.4688,-1.504376347,15.73433668,0.071470646
CDC,male,1384.9062,-1.547942838,15.70613566,0.071519218
CDC,male,1415.3438,-1.597896397,15.67904062,0.071606277
CDC,male,1445.7812,-1.653732283,15.65305192,0.071730167
CDC,male,1476.2188,-1.714869347,15.62817269,0.071889214
CDC,male,1506.6562,-1.780673181,15.604408,0.072081737
CDC,male,1537.0938,-1.850468473,15.58176458,0.072306081
CDC,male,1567.5312,-1.923551865,15.56025067,0.072560637
CDC,male,1597.9688,-1.999220429,15.5398746,0.07284384
CDC,male,1628.4062,-2.076707178,15.52064993,0.073154324
CDC,male,1658.8438,-2.155348017,15.50258427,0.073490667
CDC,male,1689.2812,-2.234438552,15.48568973,0.073851672
CDC,male,1719.7188,-2.313321723,15.46997718,0.074236235
CDC,male,1750.1562,-2.391381273,15.45545692,0.074643374
CDC,male,1780.5938,-2.468032491,15.44213961,0.075072264
CDC,male,1811.0312,-2.542781541,15.43003207,0.075522104
CDC,male,1841.4688,-2.61516595,15.41914163,0.07599225
CDC,male,1871.9062,-2.684789516,15.40947356,0.076482128
CDC,male,1902.3438,-2.751316949,15.40103139,0.076991232
CDC,male,1932.7812,-2.81445945,15.39381785,0.077519149
CDC,male,1963.2188,-2.87402476,15.38783094,0.07806539
CDC,male,1993.6562,-2.92984048,15.38306945,0.078629592
CDC,male,2024.0938,-2.981796828,15.37952958,0.079211369
CDC,male,2054.5312,-3.029831343,15.37720582,0.079810334
CDC,male,2084.9688,-3.073924224,15.37609107,0.080426086
CDC,male,2115.4062,-3.114093476,15.37617677,0.081058206
CDC,male,2145.8438,-3.15039004,15.37745304,0.081706249
CDC,male,2176.2812,-3.182893018,15.37990886,0.082369741
CDC,male,2206.7188,-3.21170511,15.38353217,0.083048178
CDC,male,2237.1562,-3.23694834,15.38831005,0.083741021
CDC,male,2267.5938,-3.25876011,15.39422883,0.0844477
CDC,male,2298.0312,-3.277281546,15.40127496,0.085167651
CDC,male,2328.4688,-3.292683774,15.40943252,0.085900184
CDC,male,2358.9062,-3.305124073,15.41868691,0.086644667
CDC,male,2389.3438,-3.314768951,15.42902273,0.087400421
CDC,male,2419.7812,-3.321785992,15.44042439,0.088166744
CDC,male,2450.2188,-3.326345795,15.45287581,0.088942897
CDC,male,2480.6562,-3.328602731,15.46636218,0.089728202
CDC,male,2511.0938,-3.328725277,15.48086704,0.090521875
CDC,male,2541.5312,-3.32687018,15.49637465,0.091323162
CDC,male,2571.9688,-3.323188896,15.51286936,0.092131305
CDC,male,2602.4062,-3.317827016,15.53033563,0.092945544
CDC,male,2632.8438,-3.310923871,15.54875807,0.093765118
CDC,male,2663.2812,-3.302612272,15.56812143,0.09458927
CDC,male,2693.7188,-3.293018361,15.58841065,0.095417247
CDC,male,2724.1562,-3.282260813,15.60961101,0.096248301
CDC,male,2754.5938,-3.270454609,15.63170735,0.097081694
CDC,male,2785.0312,-3.257703616,15.65468563,0.097916698
CDC,male,2815.4688,-3.244108214,15.67853139,0.098752593
CDC,male,2845.9062,-3.229761713,15.70323052,0.099588675
CDC,male,2876.3438,-3.214751287,15.72876911,0.100424251
CDC,male,2906.7812,-3.199158184,15.75513347,0.101258643
CDC,male,2937.2188,-3.18305795,15.78231007,0.102091189
CDC,male,2967.6562,-3.166520664,15.8102856,0.102921245
CDC,male,2998.0938,-3.1496103,15.83904708,0.103748189
CDC,male,3028.5312,-3.132389637,15.86858123,0.104571386
CDC,male,3058.9688,-3.114911153,15.89887562,0.105390269
CDC,male,3089.4062,-3.097226399,15.92991765,0.106204258
CDC,male,3119.8438,-3.079383079,15.96169481,0.107012788
CDC,male,3150.2812,-3.061423765,15.99419489,0.107815327
CDC,male,3180.7188,-3.043386071,16.02740607,0.108611374
CDC,male,3211.1562,-3.025310003,16.0613159,0.109400388
CDC,male,3241.5938,-3.007225737,16.09591292,0.110181915
CDC,male,3272.0312,-2.989164598,16.13118532,0.110955478
CDC,male,3302.4688,-2.971148225,16.16712234,0.111720691
CDC,male,3332.9062,-2.953208047,16.20371168,0.112477059
CDC,male,3363.3438,-2.935363951,16.24094239,0.1132242
CDC,male,3393.7812,-2.917635157,16.27880346,0.113961734
CDC,male,3424.2188,-2.900039803,16.31728385,0.114689291
CDC,male,3454.6562,-2.882593796,16.35637267,0.115406523
CDC,male,3485.0938,-2.865311266,16.39605916,0.116113097
CDC,male,3515.5312,-2.848204697,16.43633265,0.116808702
CDC,male,3545.9688,-2.831285052,16.47718256,0.117493042
CDC,male,3576.4062,-2.81456189,16.51859843,0.11816584
CDC,male,3606.8438,-2.79804347,16.56056987,0.118826835
CDC,male,3637.2812,-2.781736856,16.60308661,0.119475785
CDC,male,3667.7188,-2.765648008,16.64613844,0.120112464
CDC,male,3698.1562,-2.749782197,16.68971518,0.120736656
CDC,male,3728.5938,-2.734142443,16.73380695,0.121348181
CDC,male,3759.0312,-2.718732873,16.77840363,0.121946849
CDC,male,3789.4688,-2.703555506,16.82349538,0.122532501
CDC,male,3819.9062,-2.688611957,16.86907238,0.123104991
CDC,male,3850.3438,-2.673903164,16.91512487,0.123664186
CDC,male,3880.7812,-2.659429443,16.96164317,0.124209969
CDC,male,3911.2188,-2.645190534,17.00861766,0.124742239
CDC,male,3941.6562,-2.631185649,17.05603879,0.125260905
CDC,male,3972.0938,-2.617413511,17.10389705,0.125765895
CDC,male,4002.5312,-2.603872392,17.15218302,0.126257147
CDC,male,4032.9688,-2.590560148,17.20088732,0.126734613
CDC,male,4063.4062,-2.577474253,17.25000062,0.12719826
CDC,male,4093.8438,-2.564611831,17.29951367,0.127648067
CDC,male,4124.2812,-2.551969684,17.34941726,0.128084023
CDC,male,4154.7188,-2.539539972,17.39970308,0.128506192
CDC,male,4185.1562,-2.527325681,17.45036072,0.128914497
CDC,male,4215.5938,-2.515320235,17.50138161,0.129309001
CDC,male,4246.0312,-2.503519447,17.55275674,0.129689741
CDC,male,4276.4688,-2.491918934,17.60447714,0.130056765
CDC,male,4306.9062,-2.480514136,17.6565339,0.130410133
CDC,male,4337.3438,-2.469300331,17.70891811,0.130749913
CDC,male,4367.7812,-2.458272656,17.76162094,0.131076187
CDC,male,4398.2188,-2.447426113,17.81463359,0.131389042
CDC,male,4428.6562,-2.436755595,17.86794729,0.131688579
CDC,male,4459.0938,-2.426255887,17.92155332,0.131974905
CDC,male,4489.5312,-2.415921689,17.97544299,0.132248138
CDC,male,4519.9688,-2.405747619,18.02960765,0.132508403
CDC,male,4550.4062,-2.395728233,18.08403868,0.132755834
CDC,male,4580.8438,-2.385858029,18.1387275,0.132990575
CDC,male,4611.2812,-2.376131459,18.19366555,0.133212776
CDC,male,4641.7188,-2.366542942,18.24884431,0.133422595
CDC,male,4672.1562,-2.357086871,18.3042553,0.133620197
CDC,male,4702.5938,-2.347757625,18.35989003,0.133805756
CDC,male,4733.0312,-2.338549576,18.41574009,0.133979452
CDC,male,4763.4688,-2.3294571,18.47179706,0.13414147
CDC,male,4793.9062,-2.320474586,18.52805255,0.134292005
CDC,male,4824.3438,-2.311596446,18.5844982,0.134431256
CDC,male,4854.7812,-2.302817124,18.64112567,0.134559427
CDC,male,4885.2188,-2.294131107,18.69792663,0.134676731
CDC,male,4915.6562,-2.285532933,18.75489278,0.134783385
CDC,male,4946.0938,-2.277017201,18.81201584,0.134879611
CDC,male,4976.5312,-2.268578584,18.86928753,0.134965637
CDC,male,5006.9688,-2.260211837,18.92669959,0.135041695
CDC,male,5037.4062,-2.251911809,18.98424378,0.135108024
CDC,male,5067.8438,-2.243673453,19.04191185,0.135164867
CDC,male,5098.2812,-2.235491842,19.09969557,0.135212469
CDC,male,5128.7188,-2.227362173,19.15758672,0.135251083
CDC,male,5159.1562,-2.21927979,19.21557707,0.135280963
CDC,male,5189.5938,-2.211240187,19.27365839,0.135302371
CDC,male,5220.0312,-2.203239029,19.33182247,0.135315568
CDC,male,5250.4688,-2.195272161,19.39006106,0.135320824
CDC,male,5280.9062,-2.187335625,19.44836594,0.135318407
CDC,male,5311.3438,-2.179425674,19.50672885,0.135308594
CDC,male,5341.7812,-2.171538789,19.56514153,0.135291662
CDC,male,5372.2188,-2.163671689,19.62359571,0.135267891
CDC,male,5402.6562,-2.155821357,19.6820831,0.135237567
CDC,male,5433.0938,-2.147985046,19.74059538,0.135200976
CDC,male,5463.5312,-2.140160305,19.7991242,0.135158409
CDC,male,5493.9688,-2.132344989,19.85766121,0.135110159
CDC,male,5524.4062,-2.124537282,19.916198,0.135056522
CDC,male,5554.8438,-2.116735712,19.97472615,0.134997797
CDC,male,5585.2812,-2.108939167,20.03323719,0.134934285
CDC,male,5615.7188,-2.10114692,20.09172262,0.134866291
CDC,male,5646.1562,-2.093358637,20.15017387,0.134794121
CDC,male,5676.5938,-2.085574403,20.20858236,0.134718085
CDC,male,5707.0312,-2.077794735,20.26693944,0.134638494
CDC,male,5737.4688,-2.070020599,20.32523642,0.134555663
CDC,male,5767.9062,-2.062253431,20.38346455,0.13446991
CDC,male,5798.3438,-2.054495145,20.44161501,0.134381553
CDC,male,5828.7812,-2.046748156,20.49967894,0.134290916
CDC,male,5859.2188,-2.039015385,20.5576474,0.134198323
CDC,male,5889.6562,-2.031300282,20.6155114,0.134104101
CDC,male,5920.0938,-2.023606828,20.67326189,0.134008581
CDC,male,5950.5312,-2.015942013,20.73088905,0.133912066
CDC,male,5980.9688,-2.008305745,20.7883851,0.133814954
CDC,male,6011.4062,-2.000706389,20.84574003,0.133717552
CDC,male,6041.8438,-1.993150137,20.90294449,0.1336202
CDC,male,6072.2812,-1.985643741,20.95998909,0.133523244
CDC,male,6102.7188,-1.97819451,21.01686433,0.133427032
CDC,male,6133.1562,-1.970810308,21.07356067,0.133331914
CDC,male,6163.5938,-1.96349954,21.1300685,0.133238245
CDC,male,6194.0312,-1.956271141,21.18637813,0.133146383
CDC,male,6224.4688,-1.949134561,21.24247982,0.13305669
CDC,male,6254.9062,-1.942099744,21.29836376,0.132969531
CDC,male,6285.3438,-1.935177101,21.35402009,0.132885274
CDC,male,6315.7812,-1.92837748,21.40943891,0.132804292
CDC,male,6346.2188,-1.921712136,21.46461026,0.132726962
CDC,male,6376.6562,-1.915192685,21.51952414,0.132653664
CDC,male,6407.0938,-1.908831065,21.57417053,0.132584784
CDC,male,6437.5312,-1.902639482,21.62853937,0.132520711
CDC,male,6467.9688,-1.896630358,21.68262062,0.132461838
CDC,male,6498.4062,-1.890816268,21.73640419,0.132408563
CDC,male,6528.8438,-1.885209876,21.78988003,0.132361289
CDC,male,6559.2812,-1.879823505,21.84303819,0.132320427
CDC,male,6589.7188,-1.874670324,21.8958685,0.132286382
CDC,male,6620.1562,-1.869760299,21.94836168,0.1322596
CDC,male,6650.5938,-1.865113245,22.00050569,0.132240418
CDC,male,6681.0312,-1.860734944,22.05229242,0.13222933
CDC,male,6711.4688,-1.85663384,22.10371305,0.132226801
CDC,male,6741.9062,-1.852827186,22.15475603,0.132233201
CDC,male,6772.3438,-1.849323204,22.20541249,0.132248993
CDC,male,6802.7812,-1.846131607,22.255673,0.132274625
CDC,male,6833.2188,-1.843261294,22.30552831,0.132310549
CDC,male,6863.6562,-1.840720248,22.3549693,0.132357221
CDC,male,6894.0938,-1.83851544,22.40398706,0.132415103
CDC,male,6924.5312,-1.83665586,22.45257182,0.132484631
CDC,male,6954.9688,-1.835138046,22.50071778,0.132566359
CDC,male,6985.4062,-1.833972004,22.54841437,0.132660699
CDC,male,7015.8438,-1.833157751,22.59565422,0.132768153
CDC,male,7046.2812,-1.83269562,22.64242956,0.132889211
CDC,male,7076.7188,-1.832584342,22.68873292,0.133024368
CDC,male,7107.1562,-1.832820974,22.73455713,0.133174129
CDC,male,7137.5938,-1.833400825,22.7798953,0.133338999
CDC,male,7168.0312,-1.834317405,22.82474087,0.133519496
CDC,male,7198.4688,-1.83555752,22.86908912,0.133716192
CDC,male,7228.9062,-1.837119466,22.91293151,0.133929525
CDC,male,7259.3438,-1.838987063,22.95626373,0.134160073
CDC,male,7289.7812,-1.841146139,22.99908062,0.134408381
CDC,male,7305.0,-1.84233016,23.02029424,0.134539365
CDC,male,7320.2188,-1.843580575,23.04137734,0.134675001
CDC,female,730.5,-0.98660853,16.42339664,0.085451785
CDC,female,745.7188,-1.024496827,16.38804056,0.085025838
CDC,female,776.1562,-1.102698353,16.3189719,0.084214052
CDC,female,806.5938,-1.18396635,16.25207985,0.083455124
CDC,female,837.0312,-1.268071036,16.18734669,0.082748284
CDC,female,867.4688,-1.354751525,16.12475448,0.082092737
CDC,female,897.9062,-1.443689692,16.06428762,0.081487717
CDC,female,928.3438,-1.53454192,16.00593001,0.080932448
CDC,female,958.7812,-1.626928093,15.94966631,0.080426175
CDC,female,989.2188,-1.720434829,15.89548197,0.079968176
CDC,female,1019.6562,-1.814635262,15.84336179,0.079557735
CDC,female,1050.0938,-1.909076262,15.79329146,0.079194187
CDC,female,1080.5312,-2.003296102,15.7452564,0.078876895
CDC,female,1110.9688,-2.096828937,15.69924188,0.078605255
CDC,female,1141.4062,-2.189211877,15.65523282,0.078378696
CDC,female,1171.8438,-2.279991982,15.61321371,0.078196674
CDC,female,1202.2812,-2.368732949,15.57316843,0.078058667
CDC,female,1232.7188,-2.455021314,15.53508019,0.077964169
CDC,female,1263.1562,-2.538471972,15.49893145,0.077912684
CDC,female,1293.5938,-2.618732901,15.46470384,0.077903716
CDC,female,1324.0312,-2.695488973,15.43237817,0.077936763
CDC,female,1354.4688,-2.768464816,15.40193436,0.078011309
CDC,female,1384.9062,-2.837426693,15.37335154,0.078126817
CDC,female,1415.3438,-2.902178205,15.34660842,0.078282739
CDC,female,1445.7812,-2.962580386,15.32168181,0.078478449
CDC,female,1476.2188,-3.018521987,15.29854897,0.078713325
CDC,female,1506.6562,-3.069936555,15.27718618,0.078986694
CDC,female,1537.0938,-3.116795864,15.2575692,0.079297841
CDC,female,1567.5312,-3.159107331,15.23967338,0.079646006
CDC,female,1597.9688,-3.196911083,15.22347371,0.080030389
CDC,female,1628.4062,-3.230276759,15.20894491,0.080450145
CDC,female,1658.8438,-3.259300182,15.19606152,0.080904391
CDC,female,1689.2812,-3.284099963,15.18479799,0.081392203
CDC,female,1719.7188,-3.30481415,15.17512871,0.081912623
CDC,female,1750.1562,-3.321596954,15.16702811,0.082464661
CDC,female,1780.5938,-3.334615646,15.16047068,0.083047295
CDC,female,1811.0312,-3.344047622,15.15543107,0.083659478
CDC,female,1841.4688,-3.35007771,15.15188405,0.084300139
CDC,female,1871.9062,-3.352893805,15.14980479,0.0849682
CDC,female,1902.3438,-3.352691376,15.14916825,0.085662539
CDC,female,1932.7812,-3.34966438,15.14994984,0.086382035
CDC,female,1963.2188,-3.343998803,15.15212585,0.087125591
CDC,female,1993.6562,-3.335889574,15.15567186,0.087892047
CDC,female,2024.0938,-3.325522491,15.16056419,0.088680264
CDC,female,2054.5312,-3.31307846,15.16677947,0.089489106
CDC,female,2084.9688,-3.298732648,15.17429464,0.090317434
CDC,female,2115.4062,-3.282653831,15.18308694,0.091164117
CDC,female,2145.8438,-3.265003896,15.1931339,0.092028028
CDC,female,2176.2812,-3.245937506,15.20441335,0.092908048
CDC,female,2206.7188,-3.225606516,15.21690296,0.093803033
CDC,female,2237.1562,-3.204146115,15.2305815,0.094711916
CDC,female,2267.5938,-3.181690237,15.24542745,0.095633595
CDC,female,2298.0312,-3.158363475,15.26141966,0.096566992
CDC,female,2328.4688,-3.134282833,15.27853728,0.097511046
CDC,female,2358.9062,-3.109557879,15.29675967,0.09846471
CDC,female,2389.3438,-3.084290931,15.31606644,0.099426955
CDC,female,2419.7812,-3.058577292,15.33643745,0.100396769
CDC,female,2450.2188,-3.032505499,15.35785274,0.101373159
CDC,female,2480.6562,-3.0061576,15.38029261,0.10235515
CDC,female,2511.0938,-2.979609448,15.40373754,0.103341788
CDC,female,2541.5312,-2.952930993,15.42816819,0.104332139
CDC,female,2571.9688,-2.926186592,15.45356545,0.105325289
CDC,female,2602.4062,-2.899435307,15.47991037,0.106320346
CDC,female,2632.8438,-2.872731211,15.50718419,0.10731644
CDC,female,2663.2812,-2.846123683,15.53536829,0.108312721
CDC,female,2693.7188,-2.819657704,15.56444426,0.109308364
CDC,female,2724.1562,-2.793374145,15.5943938,0.110302563
CDC,female,2754.5938,-2.767310047,15.6251988,0.111294537
CDC,female,2785.0312,-2.741498897,15.65684126,0.112283526
CDC,female,2815.4688,-2.715970894,15.68930333,0.113268793
CDC,female,2845.9062,-2.690753197,15.7225673,0.114249622
CDC,female,2876.3438,-2.665870146,15.75661555,0.115225321
CDC,female,2906.7812,-2.641343436,15.79143062,0.116195218
CDC,female,2937.2188,-2.617192204,15.82699517,0.117158667
CDC,female,2967.6562,-2.593430614,15.86329241,0.118115073
CDC,female,2998.0938,-2.570076037,15.90030484,0.119063807
CDC,female,3028.5312,-2.547141473,15.93801545,0.12000429
CDC,female,3058.9688,-2.524635245,15.97640787,0.120935994
CDC,female,3089.4062,-2.502569666,16.01546483,0.121858355
CDC,female,3119.8438,-2.48095189,16.05516984,0.12277087
CDC,female,3150.2812,-2.459785573,16.09550688,0.123673085
CDC,female,3180.7188,-2.439080117,16.13645881,0.124564484
CDC,female,3211.1562,-2.418838304,16.17800955,0.125444639
CDC,female,3241.5938,-2.399063683,16.22014281,0.126313121
CDC,female,3272.0312,-2.379756861,16.26284277,0.127169545
CDC,female,3302.4688,-2.360920527,16.30609316,0.128013515
CDC,female,3332.9062,-2.342557728,16.34987759,0.128844639
CDC,female,3363.3438,-2.324663326,16.39418118,0.129662637
CDC,female,3393.7812,-2.307240716,16.43898741,0.130467138
CDC,female,3424.2188,-2.290287663,16.48428082,0.131257852
CDC,female,3454.6562,-2.273803847,16.53004554,0.132034479
CDC,female,3485.0938,-2.257782149,16.57626713,0.132796819
CDC,female,3515.5312,-2.242227723,16.62292864,0.133544525
CDC,female,3545.9688,-2.227132805,16.67001572,0.134277436
CDC,female,3576.4062,-2.212495585,16.71751288,0.134995324
CDC,female,3606.8438,-2.19831275,16.76540496,0.135697996
CDC,female,3637.2812,-2.184580762,16.81367689,0.136385276
CDC,female,3667.7188,-2.171295888,16.86231366,0.137057004
CDC,female,3698.1562,-2.158454232,16.91130036,0.137713039
CDC,female,3728.5938,-2.146051754,16.96062216,0.138353254
CDC,female,3759.0312,-2.134084303,17.0102643,0.138977537
CDC,female,3789.4688,-2.122547629,17.06021213,0.139585795
CDC,female,3819.9062,-2.111437411,17.11045106,0.140177947
CDC,female,3850.3438,-2.100749266,17.16096656,0.140753927
CDC,female,3880.7812,-2.090478774,17.21174424,0.141313686
CDC,female,3911.2188,-2.080621484,17.26276973,0.141857186
CDC,female,3941.6562,-2.071172932,17.31402878,0.142384404
CDC,female,3972.0938,-2.062128649,17.3655072,0.142895332
CDC,female,4002.5312,-2.053484173,17.4171909,0.143389972
CDC,female,4032.9688,-2.045235058,17.46906585,0.143868341
CDC,female,4063.4062,-2.03737688,17.52111811,0.144330469
CDC,female,4093.8438,-2.029906684,17.57333347,0.144776372
CDC,female,4124.2812,-2.022817914,17.62569869,0.145206138
CDC,female,4154.7188,-2.016107084,17.67819987,0.145619819
CDC,female,4185.1562,-2.009769905,17.7308234,0.146017491
CDC,female,4215.5938,-2.003802134,17.78355575,0.146399239
CDC,female,4246.0312,-1.998199572,17.83638347,0.146765161
CDC,female,4276.4688,-1.992958064,17.88929321,0.147115364
CDC,female,4306.9062,-1.988073505,17.94227168,0.147449967
CDC,female,4337.3438,-1.983541835,17.9953057,0.147769097
CDC,female,4367.7812,-1.979359041,18.04838216,0.148072891
CDC,female,4398.2188,-1.975521156,18.10148804,0.148361495
CDC,female,4428.6562,-1.972024258,18.15461039,0.148635067
CDC,female,4459.0938,-1.968864465,18.20773639,0.148893769
CDC,female,4489.5312,-1.966037938,18.26085325,0.149137776
CDC,female,4519.9688,-1.963540872,18.31394832,0.14936727
CDC,female,4550.4062,-1.961369499,18.36700902,0.149582439
CDC,female,4580.8438,-1.959520079,18.42002284,0.149783482
CDC,female,4611.2812,-1.9579889,18.47297739,0.149970604
CDC,female,4641.7188,-1.956772271,18.52586035,0.15014402
CDC,female,4672.1562,-1.95586652,18.57865951,0.15030395
CDC,female,4702.5938,-1.955267984,18.63136275,0.150450621
CDC,female,4733.0312,-1.954973011,18.68395801,0.15058427
CDC,female,4763.4688,-1.954977947,18.73643338,0.150705138
CDC,female,4793.9062,-1.955279136,18.788777,0.150813475
CDC,female,4824.3438,-1.955872909,18.84097713,0.150909535
CDC,female,4854.7812,-1.956755579,18.89302212,0.150993582
CDC,female,4885.2188,-1.957923436,18.94490041,0.151065883
CDC,female,4915.6562,-1.959372737,18.99660055,0.151126714
CDC,female,4946.0938,-1.9610997,19.04811118,0.151176355
CDC,female,4976.5312,-1.963100496,19.09942105,0.151215094
CDC,female,5006.9688,-1.96537124,19.15051899,0.151243223
CDC,female,5037.4062,-1.967907983,19.20139397,0.151261042
CDC,female,5067.8438,-1.970706706,19.25203503,0.151268855
CDC,female,5098.2812,-1.973763307,19.30243131,0.151266974
CDC,female,5128.7188,-1.977073595,19.35257209,0.151255713
CDC,female,5159.1562,-1.980633277,19.40244671,0.151235395
CDC,female,5189.5938,-1.984437954,19.45204465,0.151206347
CDC,female,5220.0312,-1.988483106,19.50135548,0.151168902
CDC,female,5250.4688,-1.992764085,19.55036888,0.151123398
CDC,female,5280.9062,-1.997276103,19.59907464,0.15107018
CDC,female,5311.3438,-2.002014224,19.64746266,0.151009595
CDC,female,5341.7812,-2.00697335,19.69552294,0.150942
CDC,female,5372.2188,-2.012148213,19.7432456,0.150867753
CDC,female,5402.6562,-2.017533363,19.79062086,0.150787221
CDC,female,5433.0938,-2.023123159,19.83763907,0.150700774
CDC,female,5463.5312,-2.028911755,19.88429066,0.150608788
CDC,female,5493.9688,-2.034893091,19.9305662,0.150511645
CDC,female,5524.4062,-2.041060881,19.97645636,0.150409731
CDC,female,5554.8438,-2.047408604,20.02195192,0.15030344
CDC,female,5585.2812,-2.05392949,20.06704377,0.150193169
CDC,female,5615.7188,-2.060616513,20.11172291,0.150079322
CDC,female,5646.1562,-2.067462375,20.15598047,0.149962308
CDC,female,5676.5938,-2.074459502,20.19980767,0.14984254
CDC,female,5707.0312,-2.081600029,20.24319586,0.149720441
CDC,female,5737.4688,-2.088875793,20.28613648,0.149596434
CDC,female,5767.9062,-2.096278323,20.32862109,0.149470953
CDC,female,5798.3438,-2.103798828,20.37064138,0.149344433
CDC,female,5828.7812,-2.111428194,20.41218911,0.149217319
CDC,female,5859.2188,-2.119156972,20.45325617,0.14909006
CDC,female,5889.6562,-2.126975375,20.49383457,0.14896311
CDC,female,5920.0938,-2.134873266,20.5339164,0.148836931
CDC,female,5950.5312,-2.142840157,20.57349387,0.148711989
CDC,female,5980.9688,-2.150865204,20.61255929,0.148588757
CDC,female,6011.4062,-2.158937201,20.65110506,0.148467715
CDC,female,6041.8438,-2.167044578,20.6891237,0.148349348
CDC,female,6072.2812,-2.175176987,20.72660728,0.14823412
CDC,female,6102.7188,-2.183317362,20.76355011,0.148122614
CDC,female,6133.1562,-2.191457792,20.79994337,0.148015249
CDC,female,6163.5938,-2.199583649,20.83578051,0.147912564
CDC,female,6194.0312,-2.207681525,20.87105449,0.147815078
CDC,female,6224.4688,-2.215737645,20.90575839,0.147723315
CDC,female,6254.9062,-2.223739902,20.93988477,0.147637768
CDC,female,6285.3438,-2.231667995,20.97342858,0.147559083
CDC,female,6315.7812,-2.239511942,21.00638171,0.147487716
CDC,female,6346.2188,-2.247257081,21.0387374,0.14742421
CDC,female,6376.6562,-2.254885145,21.07048996,0.147369174
CDC,female,6407.0938,-2.26238209,21.10163241,0.147323144
CDC,female,6437.5312,-2.269731517,21.13215845,0.147286698
CDC,female,6467.9688,-2.276917229,21.16206171,0.147260415
CDC,female,6498.4062,-2.283925442,21.1913351,0.147244828
CDC,female,6528.8438,-2.290731442,21.21997472,0.147240683
CDC,female,6559.2812,-2.29732427,21.24797262,0.147248467
CDC,female,6589.7188,-2.303687802,21.27532239,0.14726877
CDC,female,6620.1562,-2.309799971,21.30201933,0.147302299
CDC,female,6650.5938,-2.315651874,21.32805489,0.147349514
CDC,female,6681.0312,-2.32121731,21.35342563,0.147411215
CDC,female,6711.4688,-2.326481911,21.37812462,0.147487979
CDC,female,6741.9062,-2.331428139,21.40214589,0.147580453
CDC,female,6772.3438,-2.336038473,21.42548351,0.147689289
CDC,female,6802.7812,-2.34029545,21.44813156,0.14781515
CDC,female,6833.2188,-2.344181703,21.47008412,0.147958706
CDC,female,6863.6562,-2.34768,21.49133529,0.148120633
CDC,female,6894.0938,-2.350773286,21.51187918,0.148301619
CDC,female,6924.5312,-2.353444725,21.53170989,0.148502355
CDC,female,6954.9688,-2.355677743,21.55082155,0.148723546
CDC,female,6985.4062,-2.35745607,21.56920824,0.148965902
CDC,female,7015.8438,-2.358763788,21.58686406,0.149230142
CDC,female,7046.2812,-2.359585369,21.60378309,0.149516994
CDC,female,7076.7188,-2.359905726,21.61995939,0.149827195
CDC,female,7107.1562,-2.359710258,21.635387,0.150161492
CDC,female,7137.5938,-2.358980464,21.65006126,0.150520734
CDC,female,7168.0312,-2.357714508,21.6639727,0.150905439
CDC,female,7198.4688,-2.355892424,21.67711736,0.151316531
CDC,female,7228.9062,-2.353501353,21.68948935,0.151754808
CDC,female,7259.3438,-2.350528726,21.70108288,0.152221086
CDC,female,7289.7812,-2.346962247,21.71189225,0.152716206
CDC,female,7305.0,-2.34495843,21.71699934,0.152974718
CDC,female,7320.2188,-2.342796948,21.72190973,0.153240872
